date,week,stems_ordered,customer_id,crop_id
7/1/2022,26,10400,161,2
7/1/2022,26,18800,270,1
7/1/2022,26,3000,39,1
7/1/2022,26,17740,39,2
7/1/2022,26,14000,224,1
7/1/2022,26,2800,259,1
7/1/2022,26,29300,220,2
7/1/2022,26,50512,270,2
7/1/2022,26,2850,69,1
7/2/2022,26,2820,39,1
7/2/2022,26,43440,270,2
7/2/2022,26,2150,69,1
7/2/2022,26,36260,39,2
7/2/2022,26,10000,161,2
7/2/2022,26,13800,270,1
7/2/2022,26,28549,220,2
7/3/2022,26,10400,161,2
7/3/2022,26,38032,39,2
7/3/2022,26,3336,39,1
7/3/2022,26,8700,220,2
7/4/2022,27,2380,39,1
7/4/2022,27,3000,103,1
7/4/2022,27,31562,39,2
7/4/2022,27,14480,270,1
7/4/2022,27,3900,69,1
7/4/2022,27,18824,270,2
7/4/2022,27,12300,270,2
7/4/2022,27,21149,220,2
7/5/2022,27,11000,220,2
7/5/2022,27,1120,39,1
7/5/2022,27,1000,99,1
7/5/2022,27,10400,267,2
7/5/2022,27,2500,103,1
7/5/2022,27,29687,39,2
7/5/2022,27,1000,69,1
7/5/2022,27,10400,161,2
7/5/2022,27,14440,270,1
7/5/2022,27,22028,270,2
7/6/2022,27,14400,267,2
7/6/2022,27,12530,270,1
7/6/2022,27,1000,69,1
7/6/2022,27,25700,220,2
7/6/2022,27,30100,39,2
7/6/2022,27,65134,270,2
7/6/2022,27,10400,161,2
7/6/2022,27,1920,39,1
7/7/2022,27,14400,267,2
7/7/2022,27,64874,270,2
7/7/2022,27,10400,161,2
7/7/2022,27,23549,220,2
7/7/2022,27,33076,39,2
7/7/2022,27,4008,39,1
7/7/2022,27,17470,270,1
7/8/2022,27,2880,270,1
7/8/2022,27,320,75,1
7/8/2022,27,12150,267,2
7/8/2022,27,51800,270,2
7/8/2022,27,3200,69,1
7/8/2022,27,3160,39,1
7/8/2022,27,34449,220,2
7/8/2022,27,18780,39,2
7/9/2022,27,8680,270,1
7/9/2022,27,17050,220,2
7/9/2022,27,31780,39,2
7/9/2022,27,3200,259,1
7/9/2022,27,1920,39,1
7/9/2022,27,10400,161,2
7/9/2022,27,10100,267,2
7/9/2022,27,48848,270,2
7/9/2022,27,1400,69,1
7/10/2022,27,8700,220,2
7/10/2022,27,3000,92,1
7/10/2022,27,5000,270,1
7/10/2022,27,8680,270,2
7/10/2022,27,3836,39,1
7/10/2022,27,34152,39,2
7/11/2022,28,2800,69,1
7/11/2022,28,3200,267,2
7/11/2022,28,50244,270,2
7/11/2022,28,9700,270,1
7/11/2022,28,19349,220,2
7/11/2022,28,600,39,1
7/12/2022,28,90,75,1
7/12/2022,28,47044,270,2
7/12/2022,28,12618,161,2
7/12/2022,28,2500,103,1
7/12/2022,28,1100,69,1
7/12/2022,28,4000,267,2
7/12/2022,28,43187,39,2
7/12/2022,28,800,259,1
7/12/2022,28,2560,39,1
7/12/2022,28,10300,270,1
7/13/2022,28,7100,220,2
7/13/2022,28,1300,69,1
7/13/2022,28,9200,267,2
7/13/2022,28,12500,270,1
7/13/2022,28,2232,39,1
7/13/2022,28,42912,270,2
7/13/2022,28,30884,39,2
7/14/2022,28,16870,270,2
7/14/2022,28,1000,99,1
7/14/2022,28,10480,39,2
7/14/2022,28,14018,161,2
7/14/2022,28,9200,267,2
7/14/2022,28,28549,220,2
7/14/2022,28,2800,259,1
7/14/2022,28,7400,270,1
7/14/2022,28,900,39,1
7/15/2022,28,4800,259,1
7/15/2022,28,2500,69,1
7/15/2022,28,42324,270,2
7/15/2022,28,7700,270,1
7/15/2022,28,8700,220,2
7/15/2022,28,30900,39,2
7/15/2022,28,3950,39,1
7/16/2022,28,33132,39,2
7/16/2022,28,1700,69,1
7/16/2022,28,3200,267,2
7/16/2022,28,3600,270,1
7/16/2022,28,28549,220,2
7/16/2022,28,2500,103,1
7/16/2022,28,22924,270,2
7/16/2022,28,14500,161,2
7/16/2022,28,1716,39,1
7/17/2022,28,8700,220,2
7/17/2022,28,1416,39,1
7/17/2022,28,33132,39,2
7/17/2022,28,1920,270,2
7/18/2022,29,25740,270,2
7/18/2022,29,2400,270,1
7/18/2022,29,17580,39,2
7/18/2022,29,2620,69,1
7/18/2022,29,3200,267,2
7/18/2022,29,300,39,1
7/18/2022,29,19349,220,2
7/19/2022,29,12754,161,2
7/19/2022,29,3200,267,2
7/19/2022,29,34554,39,2
7/19/2022,29,3000,103,1
7/19/2022,29,32388,270,2
7/19/2022,29,1000,69,1
7/19/2022,29,22800,220,2
7/19/2022,29,1800,270,1
7/20/2022,29,1800,270,1
7/20/2022,29,16040,267,2
7/20/2022,29,23588,39,2
7/20/2022,29,1700,69,1
7/20/2022,29,49940,270,2
7/20/2022,29,2604,39,1
7/20/2022,29,7100,220,2
7/21/2022,29,13600,267,2
7/21/2022,29,14674,161,2
7/21/2022,29,900,39,1
7/21/2022,29,34274,270,2
7/21/2022,29,19560,39,2
7/21/2022,29,13000,270,1
7/21/2022,29,28549,220,2
7/22/2022,29,22956,270,2
7/22/2022,29,2500,69,1
7/22/2022,29,29300,220,2
7/22/2022,29,2400,270,1
7/22/2022,29,15254,39,2
7/22/2022,29,1300,39,1
7/23/2022,29,3000,103,1
7/23/2022,29,1200,267,2
7/23/2022,29,34884,270,2
7/23/2022,29,6000,270,1
7/23/2022,29,18549,220,2
7/23/2022,29,10000,161,2
7/23/2022,29,1300,69,1
7/23/2022,29,19560,39,2
7/24/2022,29,23800,270,2
7/24/2022,29,32565,39,2
7/24/2022,29,2400,270,1
7/24/2022,29,1416,39,1
7/25/2022,30,8700,220,2
7/25/2022,30,300,39,1
7/25/2022,30,19349,220,2
7/25/2022,30,47316,270,2
7/25/2022,30,4500,70,1
7/25/2022,30,12940,39,2
7/25/2022,30,6400,267,2
7/25/2022,30,13750,270,1
7/25/2022,30,2500,69,1
7/26/2022,30,5400,270,1
7/26/2022,30,3000,103,1
7/26/2022,30,27774,39,2
7/26/2022,30,12118,161,2
7/26/2022,30,13108,270,2
7/26/2022,30,34130,267,2
7/26/2022,30,1900,69,1
7/27/2022,30,16668,39,2
7/27/2022,30,1674,39,1
7/27/2022,30,20440,267,2
7/27/2022,30,16000,224,1
7/27/2022,30,7100,220,2
7/27/2022,30,31200,160,2
7/27/2022,30,1200,69,1
7/27/2022,30,23600,270,1
7/27/2022,30,41760,270,2
7/28/2022,30,300,39,1
7/28/2022,30,500,99,1
7/28/2022,30,7600,270,1
7/28/2022,30,9200,267,2
7/28/2022,30,21060,39,2
7/28/2022,30,35514,270,2
7/28/2022,30,21549,220,2
7/28/2022,30,12268,161,2
7/29/2022,30,5900,270,1
7/29/2022,30,27228,270,2
7/29/2022,30,39900,220,2
7/29/2022,30,900,39,1
7/29/2022,30,13485,39,2
7/29/2022,30,2800,69,1
7/30/2022,30,18320,39,2
7/30/2022,30,42636,270,2
7/30/2022,30,5000,103,1
7/30/2022,30,1200,69,1
7/30/2022,30,900,39,1
7/30/2022,30,5700,70,1
7/30/2022,30,29900,270,1
7/30/2022,30,12918,161,2
7/30/2022,30,25000,220,2
7/31/2022,30,18900,270,1
7/31/2022,30,35276,39,2
7/31/2022,30,1974,39,1
7/31/2022,30,12249,220,2
7/31/2022,30,31336,270,2
7/31/2022,30,2400,267,2
8/1/2022,31,300,39,1
8/1/2022,31,16850,270,1
8/1/2022,31,21140,39,2
8/1/2022,31,3400,69,1
8/1/2022,31,15800,220,2
8/1/2022,31,31204,270,2
8/2/2022,31,24000,270,1
8/2/2022,31,33434,39,2
8/2/2022,31,1320,69,1
8/2/2022,31,29250,267,2
8/2/2022,31,2500,103,1
8/2/2022,31,10000,161,2
8/2/2022,31,25188,270,2
8/3/2022,31,14040,267,2
8/3/2022,31,23800,270,1
8/3/2022,31,28044,270,2
8/3/2022,31,31200,160,2
8/3/2022,31,1200,69,1
8/3/2022,31,17040,39,2
8/3/2022,31,15000,224,1
8/3/2022,31,1860,39,1
8/4/2022,31,10000,161,2
8/4/2022,31,2800,69,1
8/4/2022,31,26094,270,2
8/4/2022,31,20500,270,1
8/4/2022,31,2800,99,1
8/4/2022,31,22240,39,2
8/4/2022,31,4800,267,2
8/4/2022,31,600,39,1
8/4/2022,31,3549,220,2
8/5/2022,31,5100,69,1
8/5/2022,31,10800,270,1
8/5/2022,31,1860,39,1
8/5/2022,31,10290,161,2
8/5/2022,31,13485,39,2
8/5/2022,31,22608,270,2
8/5/2022,31,39900,220,2
8/6/2022,31,13840,39,2
8/6/2022,31,29736,270,2
8/6/2022,31,2000,267,2
8/6/2022,31,25000,220,2
8/6/2022,31,7800,270,1
8/6/2022,31,1400,69,1
8/6/2022,31,10000,161,2
8/6/2022,31,1420,39,1
8/7/2022,31,9200,270,1
8/7/2022,31,12249,220,2
8/7/2022,31,300,99,1
8/7/2022,31,21228,270,2
8/7/2022,31,2000,103,1
8/7/2022,31,31928,39,2
8/8/2022,32,12040,270,1
8/8/2022,32,6900,69,1
8/8/2022,32,1900,39,1
8/8/2022,32,1500,103,1
8/8/2022,32,21548,270,2
8/8/2022,32,25900,39,2
8/8/2022,32,2400,267,2
8/8/2022,32,4400,70,1
8/8/2022,32,15800,220,2
8/10/2022,32,1116,39,1
8/10/2022,32,39552,270,2
8/10/2022,32,31890,267,2
8/10/2022,32,14420,270,1
8/10/2022,32,19912,39,2
8/10/2022,32,3450,69,1
8/10/2022,32,7100,220,2
8/10/2022,32,31200,160,2
8/11/2022,32,12775,161,2
8/11/2022,32,29740,267,2
8/11/2022,32,34242,270,2
8/11/2022,32,25000,220,2
8/11/2022,32,27240,39,2
8/11/2022,32,2800,99,1
8/11/2022,32,1900,39,1
8/11/2022,32,2500,127,1
8/11/2022,32,9280,270,1
8/12/2022,32,41184,270,2
8/12/2022,32,17485,39,2
8/12/2022,32,2200,39,1
8/12/2022,32,2100,69,1
8/12/2022,32,220,75,1
8/12/2022,32,5000,103,1
8/12/2022,32,32880,270,1
8/12/2022,32,39900,220,2
8/13/2022,32,12470,161,2
8/13/2022,32,37968,270,2
8/13/2022,32,25040,39,2
8/13/2022,32,25000,220,2
8/13/2022,32,2890,69,1
8/13/2022,32,600,39,1
8/14/2022,32,300,39,1
8/14/2022,32,300,99,1
8/14/2022,32,13840,39,2
8/14/2022,32,24948,270,2
8/14/2022,32,8700,220,2
8/14/2022,32,34980,270,1
8/15/2022,33,14050,270,1
8/15/2022,33,600,39,1
8/15/2022,33,28290,267,2
8/15/2022,33,14300,220,2
8/15/2022,33,34340,270,2
8/15/2022,33,2000,69,1
8/15/2022,33,2500,103,1
8/16/2022,33,11240,270,1
8/16/2022,33,10000,161,2
8/16/2022,33,29904,270,2
8/16/2022,33,15090,267,2
8/16/2022,33,1720,69,1
8/16/2022,33,18480,39,2
8/16/2022,33,2200,70,1
8/17/2022,33,23650,220,2
8/17/2022,33,744,39,1
8/17/2022,33,24028,270,2
8/17/2022,33,14428,39,2
8/17/2022,33,2000,69,1
8/17/2022,33,20090,270,1
8/17/2022,33,12200,224,1
8/18/2022,33,8880,39,2
8/18/2022,33,2800,99,1
8/18/2022,33,25000,220,2
8/18/2022,33,38886,270,2
8/18/2022,33,2060,39,1
8/18/2022,33,16000,161,2
8/18/2022,33,27440,270,1
8/19/2022,33,2800,69,1
8/19/2022,33,22200,220,2
8/19/2022,33,40800,270,2
8/19/2022,33,8640,270,1
8/19/2022,33,600,39,1
8/19/2022,33,10083,39,2
8/19/2022,33,3240,160,2
8/20/2022,33,23250,270,1
8/20/2022,33,2000,103,1
8/20/2022,33,600,39,1
8/20/2022,33,1600,267,2
8/20/2022,33,18280,39,2
8/20/2022,33,23200,161,2
8/20/2022,33,24944,270,2
8/20/2022,33,2600,69,1
8/21/2022,33,8700,220,2
8/21/2022,33,13200,270,1
8/21/2022,33,1800,69,1
8/21/2022,33,26258,39,2
8/22/2022,34,15800,220,2
8/22/2022,34,2060,39,1
8/22/2022,34,3400,69,1
8/22/2022,34,3000,70,1
8/22/2022,34,7100,270,1
8/22/2022,34,43080,267,2
8/22/2022,34,17376,270,2
8/22/2022,34,13400,39,2
8/23/2022,34,13400,39,2
8/23/2022,34,2000,259,1
8/23/2022,34,11650,161,2
8/23/2022,34,4700,69,1
8/23/2022,34,2000,103,1
8/23/2022,34,25000,220,2
8/23/2022,34,24320,270,2
8/23/2022,34,14640,270,1
8/23/2022,34,1760,39,1
8/24/2022,34,31640,270,1
8/24/2022,34,16344,270,2
8/24/2022,34,37900,267,2
8/24/2022,34,14985,39,2
8/24/2022,34,101110,224,1
8/24/2022,34,15800,220,2
8/24/2022,34,558,39,1
8/24/2022,34,3200,69,1
8/25/2022,34,15640,270,1
8/25/2022,34,15000,220,2
8/25/2022,34,600,69,1
8/25/2022,34,23402,270,2
8/25/2022,34,10782,39,2
8/25/2022,34,24500,161,2
8/25/2022,34,1360,39,1
8/26/2022,34,43808,270,2
8/26/2022,34,2897,81,1
8/26/2022,34,32400,270,1
8/26/2022,34,15000,220,2
8/26/2022,34,11849,39,2
8/26/2022,34,1560,39,1
8/26/2022,34,3800,69,1
8/27/2022,34,16760,39,2
8/27/2022,34,1560,39,1
8/27/2022,34,2500,103,1
8/27/2022,34,37180,270,1
8/27/2022,34,5100,70,1
8/27/2022,34,36584,270,2
8/27/2022,34,20200,161,2
8/27/2022,34,2400,259,1
8/27/2022,34,25000,220,2
8/27/2022,34,3000,69,1
8/28/2022,34,21307,39,2
8/28/2022,34,300,99,1
8/28/2022,34,10940,270,1
8/28/2022,34,600,69,1
8/28/2022,34,960,39,1
8/28/2022,34,3104,81,1
8/28/2022,34,36428,270,2
8/29/2022,35,31200,160,2
8/29/2022,35,27800,270,2
8/29/2022,35,17456,39,2
8/29/2022,35,2000,103,1
8/29/2022,35,2748,39,1
8/29/2022,35,11649,220,2
8/29/2022,35,3900,69,1
8/29/2022,35,220,75,1
8/29/2022,35,43580,267,2
8/29/2022,35,1000,99,1
8/29/2022,35,24360,270,1
8/29/2022,35,8700,220,2
8/30/2022,35,20840,270,1
8/30/2022,35,22900,270,2
8/30/2022,35,1488,39,1
8/30/2022,35,1600,259,1
8/30/2022,35,16500,56,1
8/30/2022,35,14500,161,2
8/30/2022,35,600,69,1
8/30/2022,35,13496,39,2
8/30/2022,35,15549,220,2
8/31/2022,35,12682,39,2
8/31/2022,35,46600,270,1
8/31/2022,35,2700,69,1
8/31/2022,35,20140,267,2
8/31/2022,35,3000,224,1
8/31/2022,35,2604,81,1
9/1/2022,35,2640,270,1
9/1/2022,35,600,69,1
9/1/2022,35,17900,161,2
9/1/2022,35,2676,39,1
9/1/2022,35,42972,270,2
9/1/2022,35,21294,39,2
9/2/2022,35,9000,224,1
9/2/2022,35,8050,220,2
9/2/2022,35,4200,69,1
9/2/2022,35,51800,270,1
9/2/2022,35,3380,81,1
9/2/2022,35,38302,270,2
9/2/2022,35,2676,39,1
9/2/2022,35,23481,39,2
9/2/2022,35,10000,267,2
9/3/2022,35,16280,39,2
9/3/2022,35,30720,270,1
9/3/2022,35,3600,259,1
9/3/2022,35,20200,161,2
9/3/2022,35,2500,69,1
9/3/2022,35,32840,270,2
9/3/2022,35,1560,39,1
9/3/2022,35,5300,70,1
9/3/2022,35,17900,220,2
9/4/2022,35,2897,81,1
9/4/2022,35,31112,270,2
9/4/2022,35,7500,103,1
9/4/2022,35,1260,39,1
9/4/2022,35,300,99,1
9/4/2022,35,600,69,1
9/4/2022,35,12249,220,2
9/4/2022,35,12900,270,1
9/4/2022,35,23637,39,2
9/5/2022,36,6200,270,2
9/5/2022,36,4200,69,1
9/5/2022,36,29650,267,2
9/5/2022,36,1000,99,1
9/5/2022,36,38100,270,1
9/5/2022,36,21797,39,2
9/5/2022,36,1260,39,1
9/5/2022,36,11100,220,2
9/6/2022,36,15000,193,2
9/6/2022,36,21649,220,2
9/6/2022,36,42220,270,1
9/6/2022,36,22997,39,2
9/6/2022,36,29900,270,2
9/6/2022,36,2400,69,1
9/6/2022,36,2000,259,1
9/6/2022,36,1440,39,1
9/7/2022,36,29416,270,2
9/7/2022,36,30140,267,2
9/7/2022,36,6000,259,1
9/7/2022,36,15000,224,1
9/7/2022,36,2397,81,1
9/7/2022,36,19397,39,2
9/7/2022,36,66700,270,1
9/8/2022,36,16920,270,1
9/8/2022,36,1560,39,1
9/8/2022,36,19000,193,2
9/8/2022,36,1200,69,1
9/8/2022,36,24942,39,2
9/9/2022,36,2404,39,1
9/9/2022,36,27497,39,2
9/9/2022,36,35532,270,2
9/9/2022,36,42920,270,1
9/9/2022,36,14900,220,2
9/9/2022,36,4750,69,1
9/10/2022,36,27978,39,2
9/10/2022,36,21232,270,2
9/10/2022,36,4000,70,1
9/10/2022,36,3000,81,1
9/10/2022,36,8000,193,2
9/10/2022,36,40700,224,1
9/10/2022,36,1200,259,1
9/10/2022,36,1860,39,1
9/10/2022,36,42950,270,1
9/10/2022,36,13000,69,1
9/11/2022,36,23877,39,2
9/11/2022,36,34014,270,2
9/11/2022,36,8700,220,2
9/11/2022,36,11200,69,1
9/11/2022,36,1440,39,1
9/11/2022,36,17000,69,1
9/12/2022,37,14750,69,1
9/12/2022,37,46000,270,1
9/12/2022,37,15200,220,2
9/12/2022,37,20317,39,2
9/12/2022,37,40196,270,2
9/12/2022,37,3000,81,1
9/12/2022,37,1100,39,1
9/13/2022,37,900,69,1
9/13/2022,37,14000,270,1
9/13/2022,37,5700,103,1
9/14/2022,37,28930,267,2
9/14/2022,37,1110,39,1
9/14/2022,37,29400,224,1
9/14/2022,37,33600,220,2
9/14/2022,37,16977,39,2
9/14/2022,37,28600,270,1
9/14/2022,37,51372,270,2
9/14/2022,37,900,69,1
9/15/2022,37,34442,270,2
9/15/2022,37,22363,220,2
9/15/2022,37,35040,267,2
9/15/2022,37,16977,39,2
9/16/2022,37,1560,39,1
9/16/2022,37,600,69,1
9/16/2022,37,2500,267,2
9/16/2022,37,21457,39,2
9/16/2022,37,600,39,1
9/16/2022,37,15200,259,1
9/16/2022,37,35400,270,1
9/16/2022,37,12600,270,1
9/16/2022,37,3500,81,1
9/16/2022,37,900,69,1
9/16/2022,37,470,75,1
9/17/2022,37,28842,270,2
9/17/2022,37,27400,270,1
9/17/2022,37,18600,220,2
9/17/2022,37,15220,39,2
9/17/2022,37,20400,161,2
9/17/2022,37,107700,224,1
9/17/2022,37,8400,259,1
9/17/2022,37,4000,81,1
9/17/2022,37,900,69,1
9/17/2022,37,2550,70,1
9/17/2022,37,1560,39,1
9/17/2022,37,4120,267,2
9/18/2022,37,27100,270,2
9/18/2022,37,1260,39,1
9/18/2022,37,10000,220,2
9/18/2022,37,14060,270,1
9/18/2022,37,15220,39,2
9/18/2022,37,960,69,1
9/19/2022,38,10480,39,2
9/19/2022,38,300,39,1
9/19/2022,38,23300,270,1
9/19/2022,38,5700,69,1
9/19/2022,38,31850,267,2
9/19/2022,38,29998,270,2
9/19/2022,38,17000,259,1
9/19/2022,38,15800,220,2
9/19/2022,38,3500,81,1
9/20/2022,38,14116,39,2
9/20/2022,38,4000,259,1
9/20/2022,38,500,267,2
9/20/2022,38,10000,161,2
9/20/2022,38,12000,270,1
9/20/2022,38,9300,69,1
9/20/2022,38,21410,270,2
9/20/2022,38,17800,220,2
9/21/2022,38,4200,69,1
9/21/2022,38,161300,224,1
9/21/2022,38,640,39,1
9/21/2022,38,31750,267,2
9/21/2022,38,15250,39,2
9/21/2022,38,7100,220,2
9/21/2022,38,12000,259,1
9/21/2022,38,27310,270,2
9/21/2022,38,29100,270,1
9/22/2022,38,46468,270,2
9/22/2022,38,20200,224,1
9/22/2022,38,2320,39,1
9/22/2022,38,600,69,1
9/22/2022,38,500,267,2
9/22/2022,38,21296,39,2
9/22/2022,38,33200,270,1
9/22/2022,38,3000,81,1
9/22/2022,38,10000,161,2
9/22/2022,38,29563,220,2
9/23/2022,38,20430,267,2
9/23/2022,38,3500,103,1
9/23/2022,38,49300,270,1
9/23/2022,38,13000,259,1
9/23/2022,38,34138,270,2
9/23/2022,38,10200,161,2
9/23/2022,38,20716,39,2
9/23/2022,38,600,39,1
9/23/2022,38,3700,69,1
9/24/2022,38,29938,270,2
9/24/2022,38,20200,161,2
9/24/2022,38,1720,39,1
9/24/2022,38,4000,81,1
9/24/2022,38,3430,267,2
9/24/2022,38,3100,69,1
9/24/2022,38,23100,39,2
9/24/2022,38,28300,220,2
9/24/2022,38,27700,270,1
9/24/2022,38,5600,259,1
9/24/2022,38,3300,70,1
9/25/2022,38,12460,39,2
9/25/2022,38,36110,270,2
9/25/2022,38,20850,270,1
9/25/2022,38,10263,220,2
9/25/2022,38,5900,69,1
9/25/2022,38,1180,39,1
9/26/2022,39,183200,224,1
9/26/2022,39,23800,270,1
9/26/2022,39,7000,259,1
9/26/2022,39,2500,103,1
9/26/2022,39,41230,270,2
9/26/2022,39,3500,81,1
9/26/2022,39,45235,267,2
9/26/2022,39,8720,39,2
9/26/2022,39,18050,220,2
9/26/2022,39,1400,39,1
9/26/2022,39,500,69,1
9/27/2022,39,21649,161,2
9/27/2022,39,3000,259,1
9/27/2022,39,5455,267,2
9/27/2022,39,11460,39,2
9/27/2022,39,800,39,1
9/27/2022,39,8000,270,1
9/27/2022,39,4400,69,1
9/27/2022,39,15800,220,2
9/27/2022,39,37370,270,2
9/28/2022,39,7270,39,2
9/28/2022,39,35824,270,2
9/28/2022,39,27975,267,2
9/28/2022,39,2500,69,1
9/28/2022,39,35880,270,1
9/28/2022,39,800,39,1
9/28/2022,39,4000,259,1
9/28/2022,39,15800,220,2
9/28/2022,39,34000,224,1
9/29/2022,39,10000,161,2
9/29/2022,39,14600,270,1
9/29/2022,39,1000,99,1
9/29/2022,39,35214,270,2
9/29/2022,39,3000,81,1
9/29/2022,39,18496,39,2
9/29/2022,39,600,39,1
9/29/2022,39,20200,224,1
9/29/2022,39,3930,267,2
9/29/2022,39,4382,69,1
9/29/2022,39,12800,220,2
9/30/2022,39,1100,39,1
9/30/2022,39,25059,39,2
9/30/2022,39,52100,270,1
9/30/2022,39,40400,270,2
9/30/2022,39,13200,259,1
9/30/2022,39,28000,220,2
9/30/2022,39,1800,69,1
9/30/2022,39,51700,224,1
10/1/2022,39,10000,161,2
10/1/2022,39,6800,69,1
10/1/2022,39,2000,103,1
10/1/2022,39,30340,270,2
10/1/2022,39,4000,259,1
10/1/2022,39,28012,39,2
10/1/2022,39,10480,267,2
10/1/2022,39,18500,220,2
10/1/2022,39,25000,270,1
10/1/2022,39,1720,39,1
10/1/2022,39,4800,70,1
10/1/2022,39,4500,81,1
10/2/2022,39,600,69,1
10/2/2022,39,48000,270,2
10/2/2022,39,5860,267,2
10/2/2022,39,11742,220,2
10/2/2022,39,6000,259,1
10/2/2022,39,21812,39,2
10/2/2022,39,300,39,1
10/2/2022,39,7000,270,1
10/3/2022,40,9100,69,1
10/3/2022,40,4000,81,1
10/3/2022,40,2000,103,1
10/3/2022,40,42695,267,2
10/3/2022,40,19800,270,1
10/3/2022,40,1580,39,1
10/3/2022,40,20200,224,1
10/3/2022,40,35560,270,2
10/3/2022,40,15800,220,2
10/3/2022,40,4000,259,1
10/3/2022,40,28339,39,2
10/4/2022,40,2405,267,2
10/4/2022,40,10000,161,2
10/4/2022,40,4000,259,1
10/4/2022,40,8440,270,1
10/4/2022,40,21852,39,2
10/4/2022,40,31400,270,2
10/4/2022,40,10400,69,1
10/5/2022,40,9735,267,2
10/5/2022,40,11706,39,2
10/5/2022,40,29900,270,1
10/5/2022,40,20200,224,1
10/5/2022,40,24050,220,2
10/5/2022,40,2150,69,1
10/5/2022,40,29480,270,2
10/6/2022,40,49822,270,2
10/6/2022,40,2320,39,1
10/6/2022,40,1500,69,1
10/6/2022,40,3800,81,1
10/6/2022,40,8000,259,1
10/6/2022,40,27466,39,2
10/6/2022,40,28549,220,2
10/6/2022,40,500,99,1
10/6/2022,40,92000,224,1
10/6/2022,40,15504,161,2
10/6/2022,40,2000,267,2
10/6/2022,40,18700,270,1
10/7/2022,40,4000,259,1
10/7/2022,40,1860,39,1
10/7/2022,40,2715,267,2
10/7/2022,40,2500,69,1
10/7/2022,40,45800,270,1
10/7/2022,40,26522,270,2
10/7/2022,40,29406,39,2
10/8/2022,40,4620,267,2
10/8/2022,40,4500,81,1
10/8/2022,40,2700,70,1
10/8/2022,40,32338,39,2
10/8/2022,40,7120,69,1
10/8/2022,40,2500,39,1
10/8/2022,40,20856,270,2
10/8/2022,40,2000,103,1
10/8/2022,40,10000,161,2
10/8/2022,40,10000,220,2
10/8/2022,40,38300,270,1
10/9/2022,40,26405,39,2
10/9/2022,40,12249,220,2
10/9/2022,40,5500,270,1
10/9/2022,40,40748,270,2
10/9/2022,40,6000,259,1
10/9/2022,40,1810,267,2
10/9/2022,40,5200,69,1
10/9/2022,40,1860,39,1
10/10/2022,41,38340,267,2
10/10/2022,41,4300,69,1
10/10/2022,41,33752,270,2
10/10/2022,41,11000,224,1
10/10/2022,41,3500,81,1
10/10/2022,41,19800,270,1
10/10/2022,41,1500,103,1
10/10/2022,41,1700,39,1
10/10/2022,41,25929,39,2
10/10/2022,41,10950,220,2
10/10/2022,41,20400,259,1
10/11/2022,41,2310,267,2
10/11/2022,41,72600,224,1
10/11/2022,41,11000,270,1
10/11/2022,41,12000,259,1
10/11/2022,41,22032,39,2
10/11/2022,41,2500,69,1
10/11/2022,41,28052,270,2
10/11/2022,41,10598,161,2
10/12/2022,41,4500,69,1
10/12/2022,41,11000,224,1
10/12/2022,41,2000,259,1
10/12/2022,41,18885,267,2
10/12/2022,41,27200,270,2
10/12/2022,41,27980,270,1
10/12/2022,41,16120,39,2
10/12/2022,41,1200,39,1
10/12/2022,41,15800,220,2
10/13/2022,41,19958,270,2
10/13/2022,41,16640,39,2
10/13/2022,41,30400,161,2
10/13/2022,41,1700,39,1
10/13/2022,41,3500,81,1
10/13/2022,41,18000,259,1
10/13/2022,41,1290,69,1
10/13/2022,41,1000,99,1
10/13/2022,41,2310,267,2
10/13/2022,41,49240,270,1
10/14/2022,41,2900,69,1
10/14/2022,41,29900,220,2
10/14/2022,41,28364,270,2
10/14/2022,41,1200,39,1
10/14/2022,41,2500,103,1
10/14/2022,41,2620,267,2
10/14/2022,41,4000,259,1
10/14/2022,41,26290,39,2
10/14/2022,41,18440,270,1
10/15/2022,41,1440,39,1
10/15/2022,41,24824,270,2
10/15/2022,41,3525,267,2
10/15/2022,41,25518,39,2
10/15/2022,41,10600,69,1
10/15/2022,41,4500,81,1
10/15/2022,41,4000,70,1
10/15/2022,41,20200,161,2
10/15/2022,41,18700,270,1
10/15/2022,41,4000,259,1
10/15/2022,41,6300,220,2
10/16/2022,41,600,39,1
10/16/2022,41,6300,69,1
10/16/2022,41,38456,270,2
10/16/2022,41,15100,39,2
10/16/2022,41,6500,270,1
10/16/2022,41,11100,220,2
10/16/2022,41,1310,267,2
10/16/2022,41,3200,259,1
10/17/2022,42,4000,81,1
10/17/2022,42,15800,220,2
10/17/2022,42,29422,270,2
10/17/2022,42,1420,39,1
10/17/2022,42,38305,267,2
10/17/2022,42,22800,69,1
10/17/2022,42,11000,224,1
10/17/2022,42,3000,103,1
10/17/2022,42,3200,259,1
10/17/2022,42,21220,39,2
10/17/2022,42,26600,270,1
10/18/2022,42,10000,161,2
10/18/2022,42,10500,69,1
10/18/2022,42,15180,270,2
10/18/2022,42,2310,267,2
10/18/2022,42,25000,220,2
10/18/2022,42,5000,270,1
10/19/2022,42,26944,270,2
10/19/2022,42,600,39,1
10/19/2022,42,1000,99,1
10/19/2022,42,15800,220,2
10/19/2022,42,29560,270,1
10/19/2022,42,23472,39,2
10/19/2022,42,4000,259,1
10/19/2022,42,7700,69,1
10/19/2022,42,14175,267,2
10/19/2022,42,41700,224,1
10/19/2022,42,11000,224,1
10/20/2022,42,2310,267,2
10/20/2022,42,25000,220,2
10/20/2022,42,35078,270,2
10/20/2022,42,54980,270,1
10/20/2022,42,14140,39,2
10/20/2022,42,3000,81,1
10/20/2022,42,1000,39,1
10/20/2022,42,1700,69,1
10/20/2022,42,10000,161,2
10/21/2022,42,700,39,1
10/21/2022,42,39900,220,2
10/21/2022,42,4025,267,2
10/21/2022,42,8800,259,1
10/21/2022,42,2500,103,1
10/21/2022,42,6800,69,1
10/21/2022,42,5400,224,1
10/21/2022,42,10650,270,1
10/21/2022,42,16980,39,2
10/21/2022,42,36958,270,2
10/22/2022,42,4020,39,1
10/22/2022,42,24180,39,2
10/22/2022,42,30964,270,2
10/22/2022,42,4025,267,2
10/22/2022,42,3000,81,1
10/22/2022,42,25000,220,2
10/22/2022,42,20200,161,2
10/22/2022,42,33700,270,1
10/23/2022,42,7075,267,2
10/23/2022,42,6500,270,1
10/23/2022,42,33648,270,2
10/23/2022,42,13880,39,2
10/23/2022,42,12756,220,2
10/23/2022,42,300,39,1
10/23/2022,42,10200,161,2
10/24/2022,43,27596,270,2
10/24/2022,43,27530,270,1
10/24/2022,43,31450,220,2
10/24/2022,43,10600,224,1
10/24/2022,43,35550,267,2
10/24/2022,43,4200,69,1
10/24/2022,43,25140,39,2
10/24/2022,43,4000,69,1
10/24/2022,43,3600,39,1
10/24/2022,43,2500,103,1
10/24/2022,43,20600,259,1
10/24/2022,43,3000,81,1
10/24/2022,43,3200,259,1
10/24/2022,43,10200,161,2
10/25/2022,43,48700,224,1
10/25/2022,43,10000,161,2
10/25/2022,43,8980,267,2
10/25/2022,43,3900,69,1
10/25/2022,43,25884,270,2
10/25/2022,43,4800,69,1
10/25/2022,43,8000,259,1
10/25/2022,43,9150,270,1
10/26/2022,43,28300,220,2
10/26/2022,43,36180,270,1
10/26/2022,43,10000,161,2
10/26/2022,43,600,39,1
10/26/2022,43,24039,39,2
10/26/2022,43,70416,270,2
10/26/2022,43,16850,69,1
10/26/2022,43,10600,224,1
10/26/2022,43,12375,267,2
10/27/2022,43,26200,39,2
10/27/2022,43,4000,69,1
10/27/2022,43,45990,270,1
10/27/2022,43,4563,220,2
10/27/2022,43,30664,270,2
10/27/2022,43,1580,39,1
10/27/2022,43,42560,267,2
10/27/2022,43,14300,161,2
10/27/2022,43,2500,81,1
10/27/2022,43,14800,259,1
10/28/2022,43,15000,270,1
10/28/2022,43,24240,39,2
10/28/2022,43,20400,161,2
10/28/2022,43,2600,259,1
10/28/2022,43,29364,270,2
10/28/2022,43,270,75,1
10/28/2022,43,1500,39,1
10/28/2022,43,8500,69,1
10/29/2022,43,27724,161,2
10/29/2022,43,50184,270,2
10/29/2022,43,10290,267,2
10/29/2022,43,8000,69,1
10/29/2022,43,25892,39,2
10/29/2022,43,4563,220,2
10/29/2022,43,1800,70,1
10/29/2022,43,1989,39,1
10/29/2022,43,30700,270,1
10/29/2022,43,3500,81,1
10/30/2022,43,6500,69,1
10/30/2022,43,10000,259,1
10/30/2022,43,4980,267,2
10/30/2022,43,44110,39,2
10/30/2022,43,3500,103,1
10/30/2022,43,3500,103,1
10/30/2022,43,1080,270,1
10/30/2022,43,300,39,1
10/30/2022,43,43988,270,2
10/31/2022,44,10300,224,1
10/31/2022,44,170,75,1
10/31/2022,44,28032,270,2
10/31/2022,44,35550,267,2
10/31/2022,44,2060,39,1
10/31/2022,44,3500,81,1
10/31/2022,44,4400,259,1
10/31/2022,44,15800,220,2
10/31/2022,44,36340,39,2
10/31/2022,44,30400,270,1
10/31/2022,44,9400,69,1
10/31/2022,44,2000,127,1
11/1/2022,44,1000,81,1
11/1/2022,44,20920,39,2
11/1/2022,44,5500,270,1
11/1/2022,44,12600,220,2
11/1/2022,44,6700,69,1
11/1/2022,44,15518,161,2
11/1/2022,44,8000,259,1
11/1/2022,44,6100,267,2
11/1/2022,44,23132,270,2
11/1/2022,44,1760,39,1
11/1/2022,44,41600,224,1
11/2/2022,44,12375,267,2
11/2/2022,44,32720,270,1
11/2/2022,44,8700,220,2
11/2/2022,44,19099,39,2
11/2/2022,44,75984,270,2
11/2/2022,44,7250,69,1
11/2/2022,44,2200,39,1
11/2/2022,44,10300,224,1
11/3/2022,44,3700,267,2
11/3/2022,44,24463,220,2
11/3/2022,44,10500,161,2
11/3/2022,44,1980,39,1
11/3/2022,44,3600,69,1
11/3/2022,44,46460,270,1
11/3/2022,44,17200,259,1
11/3/2022,44,77918,270,2
11/3/2022,44,18200,39,2
11/3/2022,44,3800,81,1
11/4/2022,44,37240,39,2
11/4/2022,44,5600,69,1
11/4/2022,44,2360,39,1
11/4/2022,44,36776,270,2
11/4/2022,44,27700,220,2
11/4/2022,44,13410,270,1
11/4/2022,44,2800,259,1
11/4/2022,44,5000,70,1
11/4/2022,44,2000,103,1
11/5/2022,44,27480,270,1
11/5/2022,44,12800,220,2
11/5/2022,44,12300,161,2
11/5/2022,44,5860,267,2
11/5/2022,44,2200,39,1
11/5/2022,44,60,104,1
11/5/2022,44,33696,270,2
11/5/2022,44,6940,69,1
11/5/2022,44,28480,39,2
11/6/2022,44,10000,259,1
11/6/2022,44,46256,270,2
11/6/2022,44,2400,69,1
11/6/2022,44,500,270,1
11/6/2022,44,2300,267,2
11/6/2022,44,17340,39,2
11/6/2022,44,13263,220,2
11/7/2022,45,2400,259,1
11/7/2022,45,11545,267,2
11/7/2022,45,9800,220,2
11/7/2022,45,31984,39,2
11/7/2022,45,2000,103,1
11/7/2022,45,29300,270,1
11/7/2022,45,2532,39,1
11/7/2022,45,7000,69,1
11/7/2022,45,17456,270,2
11/7/2022,45,10700,224,1
11/8/2022,45,38000,224,1
11/8/2022,45,4100,69,1
11/8/2022,45,12600,220,2
11/8/2022,45,15600,161,2
11/8/2022,45,29455,267,2
11/8/2022,45,12400,259,1
11/8/2022,45,10300,270,1
11/8/2022,45,800,39,1
11/8/2022,45,16324,270,2
11/8/2022,45,17020,39,2
11/9/2022,45,300,39,1
11/9/2022,45,10300,224,1
11/9/2022,45,31930,270,1
11/9/2022,45,7100,69,1
11/9/2022,45,33784,270,2
11/9/2022,45,17972,39,2
11/9/2022,45,5800,220,2
11/9/2022,45,21535,267,2
11/10/2022,45,18800,259,1
11/10/2022,45,2400,69,1
11/10/2022,45,4563,220,2
11/10/2022,45,23340,267,2
11/10/2022,45,48640,270,1
11/10/2022,45,15800,161,2
11/10/2022,45,30754,270,2
11/10/2022,45,17600,39,2
11/10/2022,45,1720,39,1
11/11/2022,45,27700,220,2
11/11/2022,45,21640,270,1
11/11/2022,45,17340,39,2
11/11/2022,45,14000,259,1
11/11/2022,45,6000,69,1
11/11/2022,45,28340,267,2
11/11/2022,45,38856,270,2
11/11/2022,45,600,39,1
11/12/2022,45,10000,161,2
11/12/2022,45,25856,270,2
11/12/2022,45,3000,70,1
11/12/2022,45,35080,270,1
11/12/2022,45,600,39,1
11/12/2022,45,32265,267,2
11/12/2022,45,21820,39,2
11/12/2022,45,4400,69,1
11/12/2022,45,2500,103,1
11/12/2022,45,12800,220,2
11/13/2022,45,4400,267,2
11/13/2022,45,3300,69,1
11/13/2022,45,17440,39,2
11/13/2022,45,300,39,1
11/13/2022,45,11080,270,1
11/13/2022,45,13200,259,1
11/13/2022,45,13263,220,2
11/13/2022,45,41536,270,2
11/14/2022,46,28429,39,2
11/14/2022,46,8000,259,1
11/14/2022,46,2000,103,1
11/14/2022,46,54180,267,2
11/14/2022,46,1900,39,1
11/14/2022,46,4800,69,1
11/14/2022,46,10300,224,1
11/14/2022,46,20700,270,1
11/14/2022,46,17952,270,2
11/14/2022,46,15800,220,2
11/15/2022,46,1600,39,1
11/15/2022,46,10000,161,2
11/15/2022,46,41200,224,1
11/15/2022,46,12600,220,2
11/15/2022,46,7900,267,2
11/15/2022,46,300,75,1
11/15/2022,46,18060,270,2
11/15/2022,46,41000,270,1
11/15/2022,46,2400,69,1
11/15/2022,46,10400,259,1
11/15/2022,46,14020,39,2
11/16/2022,46,5840,69,1
11/16/2022,46,300,39,1
11/16/2022,46,10300,224,1
11/16/2022,46,24720,270,2
11/16/2022,46,26230,270,1
11/16/2022,46,38640,267,2
11/16/2022,46,12800,220,2
11/16/2022,46,17972,39,2
11/17/2022,46,15335,220,2
11/17/2022,46,2180,39,1
11/17/2022,46,2100,69,1
11/17/2022,46,42640,270,1
11/17/2022,46,22480,39,2
11/17/2022,46,20586,270,2
11/17/2022,46,9385,267,2
11/17/2022,46,10000,161,2
11/17/2022,46,18000,259,1
11/18/2022,46,6840,270,1
11/18/2022,46,5200,69,1
11/18/2022,46,6000,259,1
11/18/2022,46,900,39,1
11/18/2022,46,20100,39,2
11/18/2022,46,20000,220,2
11/18/2022,46,20232,270,2
11/19/2022,46,19900,270,1
11/19/2022,46,12000,220,2
11/19/2022,46,1200,69,1
11/19/2022,46,1500,103,1
11/19/2022,46,3000,70,1
11/19/2022,46,10000,161,2
11/19/2022,46,21820,39,2
11/19/2022,46,5400,267,2
11/19/2022,46,600,39,1
11/19/2022,46,21312,270,2
11/20/2022,46,6500,270,1
11/20/2022,46,17440,39,2
11/20/2022,46,10200,224,1
11/20/2022,46,11600,259,1
11/20/2022,46,1200,69,1
11/20/2022,46,22668,270,2
11/20/2022,46,28095,267,2
11/20/2022,46,13263,220,2
11/20/2022,46,600,39,1
11/21/2022,47,1000,103,1
11/21/2022,47,16800,270,1
11/21/2022,47,6000,259,1
11/21/2022,47,2200,69,1
11/21/2022,47,18500,220,2
11/21/2022,47,28349,39,2
11/21/2022,47,19968,270,2
11/21/2022,47,1720,39,1
11/21/2022,47,41078,267,2
11/22/2022,47,20184,270,2
11/22/2022,47,41400,224,1
11/22/2022,47,1120,39,1
11/22/2022,47,7000,270,1
11/22/2022,47,12800,220,2
11/22/2022,47,8800,259,1
11/22/2022,47,3240,69,1
11/22/2022,47,15400,161,2
11/22/2022,47,5145,267,2
11/22/2022,47,8340,39,2
11/23/2022,47,14552,39,2
11/23/2022,47,24144,270,2
11/23/2022,47,38730,267,2
11/23/2022,47,5000,69,1
11/23/2022,47,14800,220,2
11/23/2022,47,57860,270,1
11/23/2022,47,10300,224,1
11/23/2022,47,300,39,1
11/24/2022,47,22594,270,2
11/24/2022,47,15080,270,1
11/24/2022,47,18600,39,2
11/24/2022,47,12800,220,2
11/24/2022,47,13650,161,2
11/24/2022,47,2440,39,1
11/24/2022,47,8000,81,1
11/24/2022,47,5550,267,2
11/24/2022,47,22000,259,1
11/24/2022,47,900,69,1
11/25/2022,47,4400,259,1
11/25/2022,47,23304,270,2
11/25/2022,47,4680,270,1
11/25/2022,47,2000,69,1
11/25/2022,47,26750,220,2
11/25/2022,47,14380,39,2
11/25/2022,47,6000,81,1
11/25/2022,47,810,267,2
11/25/2022,47,1100,39,1
11/26/2022,47,19900,270,1
11/26/2022,47,4480,39,2
11/26/2022,47,1600,69,1
11/26/2022,47,19600,161,2
11/26/2022,47,2545,267,2
11/26/2022,47,1100,39,1
11/26/2022,47,22356,270,2
11/26/2022,47,6000,220,2
11/27/2022,47,300,39,1
11/27/2022,47,1310,267,2
11/27/2022,47,16400,259,1
11/27/2022,47,19296,270,2
11/27/2022,47,27504,39,2
11/27/2022,47,1500,103,1
11/27/2022,47,1600,69,1
11/27/2022,47,11235,220,2
11/28/2022,48,1000,70,1
11/28/2022,48,18736,270,2
11/28/2022,48,17600,270,1
11/28/2022,48,24989,39,2
11/28/2022,48,1600,69,1
11/28/2022,48,600,39,1
11/28/2022,48,3500,267,1
11/28/2022,48,130,75,1
11/28/2022,48,15800,220,2
11/28/2022,48,3500,103,1
11/28/2022,48,4400,259,1
11/28/2022,48,53385,267,2
11/28/2022,48,10300,224,1
11/29/2022,48,3200,39,2
11/29/2022,48,12800,220,2
11/29/2022,48,1120,39,1
11/29/2022,48,150,69,1
11/29/2022,48,31580,267,2
11/29/2022,48,38700,224,1
11/29/2022,48,19600,161,2
11/29/2022,48,5000,267,1
11/29/2022,48,11200,259,1
11/29/2022,48,27504,270,2
11/30/2022,48,62760,270,1
11/30/2022,48,2500,267,1
11/30/2022,48,15800,220,2
11/30/2022,48,42810,267,2
11/30/2022,48,34032,270,2
11/30/2022,48,15000,161,2
11/30/2022,48,14612,39,2
11/30/2022,48,3600,69,1
11/30/2022,48,10300,224,1
12/1/2022,48,4000,267,2
12/1/2022,48,2500,267,1
12/1/2022,48,15000,187,1
12/1/2022,48,300,69,1
12/1/2022,48,16400,259,1
12/1/2022,48,600,39,1
12/1/2022,48,5080,270,1
12/1/2022,48,25152,270,2
12/1/2022,48,13480,220,2
12/1/2022,48,12800,220,2
12/1/2022,48,12560,39,2
12/1/2022,48,4600,161,2
12/2/2022,48,7500,81,1
12/2/2022,48,600,39,1
12/2/2022,48,3025,267,2
12/2/2022,48,4000,259,1
12/2/2022,48,6600,69,1
12/2/2022,48,26750,220,2
12/2/2022,48,11680,270,1
12/2/2022,48,3000,267,1
12/2/2022,48,18360,270,2
12/2/2022,48,14380,39,2
12/3/2022,48,25850,270,1
12/3/2022,48,600,39,1
12/3/2022,48,3000,267,1
12/3/2022,48,1600,69,1
12/3/2022,48,14600,220,2
12/3/2022,48,18624,270,2
12/3/2022,48,3835,267,2
12/3/2022,48,4480,39,2
12/3/2022,48,4600,161,2
12/4/2022,48,13320,39,2
12/4/2022,48,27764,270,2
12/4/2022,48,10478,220,2
12/4/2022,48,700,69,1
12/4/2022,48,300,39,1
12/4/2022,48,25600,259,1
12/4/2022,48,10200,161,2
12/4/2022,48,122500,224,1
12/5/2022,49,18000,259,1
12/5/2022,49,74550,270,1
12/5/2022,49,1000,70,1
12/5/2022,49,17240,39,2
12/5/2022,49,20856,270,2
12/5/2022,49,5000,267,1
12/5/2022,49,34000,220,2
12/5/2022,49,2430,267,2
12/5/2022,49,300,39,1
12/5/2022,49,2030,69,1
12/5/2022,49,6000,75,1
12/5/2022,49,10300,224,1
12/5/2022,49,15000,187,1
12/6/2022,49,1000,103,1
12/6/2022,49,15950,161,2
12/6/2022,49,1750,69,1
12/6/2022,49,4865,267,2
12/6/2022,49,10500,81,1
12/6/2022,49,30000,259,1
12/6/2022,49,29296,270,2
12/6/2022,49,6000,75,1
12/6/2022,49,12800,220,2
12/7/2022,49,24000,259,1
12/7/2022,49,27120,270,2
12/7/2022,49,40620,267,2
12/7/2022,49,7000,267,1
12/7/2022,49,10200,161,2
12/7/2022,49,16292,39,2
12/7/2022,49,42700,224,1
12/7/2022,49,1800,69,1
12/7/2022,49,30400,220,2
12/7/2022,49,66850,270,1
12/8/2022,49,7000,267,1
12/8/2022,49,31090,270,2
12/8/2022,49,5750,161,2
12/8/2022,49,39920,267,2
12/8/2022,49,32600,270,1
12/8/2022,49,12800,220,2
12/8/2022,49,54400,259,1
12/8/2022,49,2140,39,1
12/8/2022,49,19780,39,2
12/9/2022,49,2600,267,2
12/9/2022,49,21700,220,2
12/9/2022,49,2000,259,1
12/9/2022,49,40100,270,1
12/9/2022,49,1200,104,1
12/9/2022,49,2100,69,1
12/9/2022,49,13820,39,2
12/9/2022,49,6450,75,1
12/9/2022,49,122500,224,1
12/9/2022,49,15810,270,2
12/10/2022,49,12450,220,2
12/10/2022,49,144100,270,1
12/10/2022,49,11851,39,2
12/10/2022,49,4500,267,2
12/10/2022,49,65000,270,2
12/10/2022,49,2800,69,1
12/10/2022,49,3400,161,2
12/11/2022,49,7500,75,1
12/11/2022,49,89200,270,1
12/11/2022,49,6600,81,1
12/11/2022,49,13320,39,2
12/11/2022,49,53252,270,2
12/11/2022,49,1800,104,1
12/11/2022,49,28245,267,2
12/11/2022,49,15900,161,2
12/11/2022,49,3300,39,1
12/11/2022,49,55600,259,1
12/12/2022,50,3000,69,1
12/12/2022,50,7500,75,1
12/12/2022,50,29460,270,2
12/12/2022,50,56885,267,2
12/12/2022,50,17240,39,2
12/12/2022,50,21700,220,2
12/12/2022,50,1200,39,1
12/12/2022,50,54000,259,1
12/12/2022,50,42500,270,1
12/13/2022,50,4000,267,1
12/13/2022,50,25188,270,2
12/13/2022,50,10680,39,2
12/13/2022,50,1560,39,1
12/13/2022,50,14750,161,2
12/13/2022,50,35200,270,1
12/13/2022,50,57200,259,1
12/13/2022,50,23300,220,2
12/13/2022,50,6955,267,2
12/14/2022,50,600,39,1
12/14/2022,50,8000,75,1
12/14/2022,50,52300,270,1
12/14/2022,50,5600,224,1
12/14/2022,50,23300,220,2
12/14/2022,50,19032,39,2
12/14/2022,50,41965,267,2
12/14/2022,50,18864,270,2
12/15/2022,50,6050,267,2
12/15/2022,50,2000,267,1
12/15/2022,50,32750,161,2
12/15/2022,50,19006,270,2
12/15/2022,50,4720,39,1
12/15/2022,50,22040,39,2
12/15/2022,50,12800,220,2
12/15/2022,50,2800,259,1
12/16/2022,50,13320,39,2
12/16/2022,50,16800,161,2
12/16/2022,50,10300,224,1
12/16/2022,50,2000,259,1
12/16/2022,50,6000,267,2
12/16/2022,50,82200,270,1
12/16/2022,50,10156,220,2
12/16/2022,50,600,39,1
12/16/2022,50,28268,270,2
12/17/2022,50,40716,270,2
12/17/2022,50,17423,39,2
12/17/2022,50,89900,270,1
12/17/2022,50,6600,267,2
12/17/2022,50,300,39,1
12/18/2022,50,17800,39,2
12/18/2022,50,10300,39,2
12/18/2022,50,3800,267,2
12/18/2022,50,12000,259,1
12/18/2022,50,26650,270,2
12/19/2022,51,27971,39,2
12/19/2022,51,56375,267,2
12/19/2022,51,800,259,1
12/19/2022,51,21000,220,2
12/19/2022,51,51900,270,1
12/19/2022,51,1200,69,1
12/19/2022,51,10200,161,2
12/20/2022,51,29250,270,1
12/20/2022,51,24300,141,2
12/20/2022,51,21110,220,2
12/20/2022,51,960,39,1
12/20/2022,51,7075,267,2
12/20/2022,51,9060,39,2
12/20/2022,51,21120,270,2
12/20/2022,51,16000,259,1
12/22/2022,51,24000,161,2
12/22/2022,51,21000,220,2
12/22/2022,51,40890,267,2
12/22/2022,51,21232,39,2
12/22/2022,51,19776,270,2
12/23/2022,51,23635,220,2
12/23/2022,51,4480,39,2
12/23/2022,51,5000,267,2
12/23/2022,51,5616,270,2
12/23/2022,51,18750,141,2
12/24/2022,51,21972,270,2
12/24/2022,51,21320,39,2
12/24/2022,51,28395,267,2
12/25/2022,51,12160,39,2
12/25/2022,51,9840,267,2
12/26/2022,52,56375,267,2
12/27/2022,52,20911,39,2
12/27/2022,52,7075,267,2
12/27/2022,52,10000,161,2
12/27/2022,52,26496,270,2
12/28/2022,52,50616,270,2
12/29/2022,52,40890,267,2
12/29/2022,52,9460,39,2
12/29/2022,52,31074,270,2
12/30/2022,52,27156,270,2
12/30/2022,52,16852,39,2
12/30/2022,52,5000,267,2
12/31/2022,52,28395,267,2
12/31/2022,52,27156,270,2
12/31/2022,52,31464,39,2
1/1/2023,0,35711,39,2
1/1/2023,0,5100,267,2
1/1/2023,0,2860,270,2
1/2/2023,1,1200,69,1
1/2/2023,1,10200,224,1
1/2/2023,1,2000,267,1
1/2/2023,1,600,39,1
1/2/2023,1,22954,270,2
1/2/2023,1,2700,220,2
1/2/2023,1,10600,270,1
1/2/2023,1,61275,267,2
1/3/2023,1,10600,270,1
1/3/2023,1,25284,270,2
1/3/2023,1,2000,103,1
1/3/2023,1,31243,39,2
1/3/2023,1,30000,161,2
1/3/2023,1,1400,69,1
1/4/2023,1,1416,39,1
1/4/2023,1,30454,270,2
1/4/2023,1,1600,69,1
1/4/2023,1,19912,39,2
1/4/2023,1,41200,224,1
1/4/2023,1,1000,99,1
1/4/2023,1,2000,267,1
1/4/2023,1,58000,270,1
1/4/2023,1,44075,267,2
1/5/2023,1,500,99,1
1/5/2023,1,11940,39,2
1/5/2023,1,10300,270,1
1/5/2023,1,1100,39,1
1/5/2023,1,32934,270,2
1/5/2023,1,6350,69,1
1/5/2023,1,4000,267,1
1/5/2023,1,6800,267,2
1/6/2023,1,4000,141,1
1/6/2023,1,220,75,1
1/6/2023,1,3600,69,1
1/6/2023,1,700,191,1
1/6/2023,1,900,39,1
1/6/2023,1,5000,70,1
1/6/2023,1,25104,270,2
1/6/2023,1,11400,270,1
1/6/2023,1,19491,39,2
1/7/2023,1,8340,39,2
1/7/2023,1,1500,103,1
1/7/2023,1,3500,99,1
1/7/2023,1,1100,39,1
1/7/2023,1,4000,267,1
1/7/2023,1,33620,267,2
1/7/2023,1,24000,270,1
1/7/2023,1,26074,270,2
1/7/2023,1,700,69,1
1/8/2023,1,10572,39,2
1/8/2023,1,2600,270,1
1/8/2023,1,5400,270,2
1/8/2023,1,5000,267,1
1/8/2023,1,600,69,1
1/8/2023,1,1416,39,1
1/8/2023,1,36750,191,1
1/8/2023,1,20100,267,2
1/8/2023,1,65000,141,2
1/9/2023,2,48950,161,2
1/9/2023,2,17578,270,2
1/9/2023,2,22790,267,2
1/9/2023,2,14000,160,2
1/9/2023,2,20723,39,2
1/10/2023,2,31224,270,2
1/10/2023,2,55755,267,2
1/10/2023,2,18100,39,2
1/10/2023,2,7750,141,2
1/11/2023,2,11700,39,2
1/11/2023,2,32014,270,2
1/11/2023,2,55720,267,2
1/11/2023,2,14300,127,2
1/11/2023,2,6264,160,2
1/12/2023,2,24865,39,2
1/12/2023,2,38514,270,2
1/12/2023,2,10000,160,2
1/12/2023,2,22265,267,2
1/13/2023,2,19099,39,2
1/13/2023,2,35194,270,2
1/13/2023,2,26000,141,2
1/14/2023,2,11480,267,2
1/14/2023,2,35764,39,2
1/14/2023,2,24314,270,2
1/15/2023,2,28000,160,2
1/15/2023,2,36870,39,2
1/15/2023,2,3900,270,2
1/15/2023,2,26504,267,2
1/16/2023,3,78130,267,2
1/16/2023,3,23517,160,2
1/16/2023,3,2700,220,2
1/16/2023,3,32595,39,2
1/16/2023,3,17578,270,2
1/17/2023,3,22311,160,2
1/17/2023,3,24708,270,2
1/17/2023,3,7200,161,2
1/17/2023,3,35075,39,2
1/17/2023,3,9145,267,2
1/18/2023,3,16000,141,2
1/18/2023,3,22800,161,2
1/18/2023,3,21339,39,2
1/18/2023,3,9765,267,2
1/18/2023,3,23398,270,2
1/19/2023,3,30084,39,2
1/19/2023,3,65285,267,2
1/19/2023,3,26166,270,2
1/20/2023,3,25678,270,2
1/20/2023,3,18000,161,2
1/20/2023,3,19200,141,2
1/20/2023,3,9639,39,2
1/21/2023,3,13355,39,2
1/21/2023,3,38675,267,2
1/21/2023,3,23124,270,2
1/22/2023,3,16608,270,2
1/22/2023,3,4025,267,2
1/22/2023,3,23217,160,2
1/22/2023,3,26343,39,2
1/23/2023,4,27442,270,2
1/23/2023,4,70020,267,2
1/23/2023,4,6615,39,2
1/24/2023,4,47252,270,2
1/24/2023,4,11816,39,2
1/24/2023,4,53724,161,2
1/24/2023,4,9765,267,2
1/25/2023,4,14052,39,2
1/25/2023,4,58150,267,2
1/25/2023,4,31042,270,2
1/26/2023,4,33702,270,2
1/26/2023,4,22125,267,2
1/26/2023,4,30000,161,2
1/26/2023,4,20000,160,2
1/26/2023,4,12904,39,2
1/27/2023,4,42252,270,2
1/27/2023,4,18507,39,2
1/28/2023,4,21342,39,2
1/28/2023,4,49354,270,2
1/28/2023,4,13505,267,2
1/29/2023,4,31675,267,2
1/29/2023,4,38150,160,2
1/29/2023,4,8469,39,2
1/29/2023,4,5100,270,2
2/6/2023,6,5050,267,2
2/6/2023,6,22311,160,2
2/6/2023,6,13800,270,1
2/6/2023,6,20000,224,1
2/6/2023,6,8200,270,2
2/6/2023,6,2076,39,1
2/6/2023,6,4000,267,1
2/6/2023,6,46385,39,2
2/6/2023,6,700,69,1
2/7/2023,6,11000,160,2
2/7/2023,6,1116,39,1
2/7/2023,6,27960,267,2
2/7/2023,6,38580,270,2
2/7/2023,6,36060,270,1
2/7/2023,6,2232,39,2
2/7/2023,6,1500,103,1
2/8/2023,6,82600,224,1
2/8/2023,6,20020,270,2
2/8/2023,6,56725,267,2
2/8/2023,6,360,39,1
2/8/2023,6,25247,39,2
2/8/2023,6,17460,270,1
2/8/2023,6,4000,267,1
2/9/2023,6,3835,267,2
2/9/2023,6,1200,39,1
2/9/2023,6,23000,160,2
2/9/2023,6,4000,267,1
2/9/2023,6,23748,270,2
2/9/2023,6,7660,270,1
2/10/2023,6,1000,69,1
2/10/2023,6,14860,270,1
2/10/2023,6,25364,270,2
2/10/2023,6,38685,267,2
2/10/2023,6,900,39,1
2/11/2023,6,29790,267,2
2/11/2023,6,14150,39,2
2/11/2023,6,15048,270,2
2/12/2023,6,4000,267,1
2/12/2023,6,6000,267,1
2/12/2023,6,19248,270,2
2/12/2023,6,2500,39,1
2/12/2023,6,3000,70,1
2/12/2023,6,5036,39,2
2/12/2023,6,900,39,1
2/12/2023,6,2500,160,2
2/12/2023,6,16625,267,2
2/12/2023,6,15700,270,1
2/12/2023,6,1000,270,1
2/12/2023,6,2800,99,1
2/13/2023,7,6000,267,1
2/13/2023,7,3816,270,2
2/13/2023,7,30200,224,1
2/13/2023,7,57210,160,2
2/13/2023,7,1786,69,1
2/13/2023,7,1800,220,2
2/13/2023,7,13800,270,1
2/13/2023,7,2000,103,1
2/13/2023,7,15750,267,2
2/14/2023,7,33500,270,1
2/14/2023,7,31383,270,2
2/14/2023,7,55755,267,2
2/14/2023,7,1600,39,1
2/14/2023,7,2800,69,1
2/14/2023,7,20880,39,2
2/15/2023,7,1500,99,1
2/15/2023,7,22257,270,2
2/15/2023,7,18460,270,1
2/15/2023,7,99200,224,1
2/15/2023,7,7304,39,2
2/15/2023,7,16460,267,2
2/15/2023,7,1500,103,1
2/15/2023,7,9300,69,1
2/15/2023,7,5000,289,1
2/15/2023,7,6000,267,1
2/16/2023,7,20972,39,2
2/16/2023,7,29739,270,2
2/16/2023,7,35605,267,2
2/16/2023,7,52210,160,2
2/16/2023,7,14990,270,1
2/16/2023,7,2000,267,1
2/16/2023,7,3280,39,1
2/16/2023,7,10100,69,1
2/17/2023,7,4632,39,2
2/17/2023,7,2976,39,1
2/17/2023,7,22473,270,2
2/17/2023,7,3700,69,1
2/17/2023,7,14360,270,1
2/17/2023,7,40025,267,2
2/17/2023,7,800,81,1
2/18/2023,7,3000,69,1
2/18/2023,7,4000,70,1
2/18/2023,7,11664,270,2
2/18/2023,7,14105,39,2
2/18/2023,7,17700,270,1
2/18/2023,7,1200,81,1
2/18/2023,7,53400,161,2
2/18/2023,7,2220,39,1
2/18/2023,7,13625,267,2
2/18/2023,7,52346,160,2
2/18/2023,7,3500,103,1
2/18/2023,7,6000,267,1
2/18/2023,7,2300,99,1
2/19/2023,7,7304,39,2
2/19/2023,7,1500,99,1
2/19/2023,7,2700,69,1
2/19/2023,7,16840,267,2
2/19/2023,7,28848,270,2
2/19/2023,7,6000,267,1
2/19/2023,7,700,39,1
2/20/2023,8,6000,267,1
2/20/2023,8,5600,70,1
2/20/2023,8,4000,39,2
2/20/2023,8,30000,224,1
2/20/2023,8,1900,39,1
2/20/2023,8,3000,270,2
2/20/2023,8,15400,141,2
2/20/2023,8,40770,267,2
2/20/2023,8,25326,160,2
2/20/2023,8,15800,270,1
2/21/2023,8,4400,103,1
2/21/2023,8,3600,81,1
2/21/2023,8,16880,39,2
2/21/2023,8,3300,69,1
2/21/2023,8,29775,267,2
2/21/2023,8,24730,270,2
2/21/2023,8,47680,270,1
2/22/2023,8,40205,267,2
2/22/2023,8,1760,39,1
2/22/2023,8,2800,69,1
2/22/2023,8,23892,270,2
2/22/2023,8,6000,267,1
2/22/2023,8,12000,161,2
2/22/2023,8,1500,99,1
2/22/2023,8,25520,270,1
2/22/2023,8,89000,224,1
2/22/2023,8,19579,39,2
2/23/2023,8,20543,39,2
2/23/2023,8,8280,69,1
2/23/2023,8,3440,39,1
2/23/2023,8,6000,267,1
2/23/2023,8,5700,81,1
2/23/2023,8,35200,270,1
2/23/2023,8,13005,267,2
2/23/2023,8,39078,160,2
2/23/2023,8,8610,270,2
2/24/2023,8,3660,39,1
2/24/2023,8,8390,69,1
2/24/2023,8,18048,270,2
2/24/2023,8,16080,270,1
2/24/2023,8,35400,161,2
2/25/2023,8,6000,267,1
2/25/2023,8,3000,267,2
2/25/2023,8,26955,267,2
2/25/2023,8,1440,39,1
2/25/2023,8,500,99,1
2/25/2023,8,11040,39,2
2/25/2023,8,32562,160,2
2/25/2023,8,8000,69,1
2/25/2023,8,28820,270,1
2/26/2023,8,20148,270,2
2/26/2023,8,6000,267,1
2/26/2023,8,2880,39,1
2/26/2023,8,8200,69,1
2/26/2023,8,7046,39,2
2/26/2023,8,7240,270,1
2/27/2023,9,6380,39,1
2/27/2023,9,10600,69,1
2/27/2023,9,19980,270,2
2/27/2023,9,4000,267,1
2/27/2023,9,29547,160,2
2/27/2023,9,28720,39,2
2/27/2023,9,27200,270,1
2/27/2023,9,1500,220,2
2/27/2023,9,8695,267,2
2/27/2023,9,10200,224,1
2/28/2023,9,21000,160,2
2/28/2023,9,56260,270,1
2/28/2023,9,840,105,1
2/28/2023,9,56970,267,2
2/28/2023,9,12000,220,2
2/28/2023,9,24874,39,2
2/28/2023,9,3800,69,1
2/28/2023,9,22192,270,2
2/28/2023,9,2400,103,1
2/28/2023,9,3620,39,1
2/28/2023,9,40,104,1
3/1/2023,9,1500,99,1
3/1/2023,9,49000,224,1
3/1/2023,9,5860,267,2
3/1/2023,9,29547,160,2
3/1/2023,9,62420,270,1
3/1/2023,9,22848,270,2
3/1/2023,9,4000,267,1
3/1/2023,9,15926,39,2
3/1/2023,9,3210,39,1
3/1/2023,9,3600,69,1
3/2/2023,9,4660,39,1
3/2/2023,9,6760,270,1
3/2/2023,9,35400,149,2
3/2/2023,9,21436,39,2
3/2/2023,9,6265,267,2
3/2/2023,9,41158,270,2
3/2/2023,9,4000,267,1
3/2/2023,9,2400,69,1
3/3/2023,9,210,75,1
3/3/2023,9,29547,160,2
3/3/2023,9,900,220,2
3/3/2023,9,8900,39,1
3/3/2023,9,23340,270,2
3/3/2023,9,8195,39,2
3/3/2023,9,44645,267,2
3/3/2023,9,14900,270,1
3/3/2023,9,1800,69,1
3/4/2023,9,31740,270,2
3/4/2023,9,2240,39,1
3/4/2023,9,74670,270,1
3/4/2023,9,13739,39,2
3/4/2023,9,30815,267,2
3/4/2023,9,1500,99,1
3/4/2023,9,4000,267,1
3/5/2023,9,950,75,1
3/5/2023,9,32380,270,1
3/5/2023,9,600,39,1
3/5/2023,9,4000,267,1
3/5/2023,9,7938,39,2
3/5/2023,9,2800,69,1
3/5/2023,9,43140,270,2
3/6/2023,10,45940,270,2
3/6/2023,10,4000,267,1
3/6/2023,10,1600,39,2
3/6/2023,10,1800,69,1
3/6/2023,10,15000,149,2
3/6/2023,10,1540,39,1
3/6/2023,10,20000,224,1
3/6/2023,10,26700,267,2
3/6/2023,10,86350,270,1
3/6/2023,10,30753,160,2
3/7/2023,10,2500,103,1
3/7/2023,10,10641,39,2
3/7/2023,10,44448,270,1
3/7/2023,10,640,39,1
3/7/2023,10,77570,267,2
3/7/2023,10,56220,270,2
3/8/2023,10,21815,267,2
3/8/2023,10,30753,160,2
3/8/2023,10,4000,267,1
3/8/2023,10,10641,39,2
3/8/2023,10,43100,270,1
3/8/2023,10,640,39,1
3/8/2023,10,56100,270,2
3/8/2023,10,1500,99,1
3/8/2023,10,58800,224,1
3/9/2023,10,6136,39,2
3/9/2023,10,2120,39,1
3/9/2023,10,3620,69,1
3/9/2023,10,59566,270,2
3/9/2023,10,16900,270,1
3/9/2023,10,63235,267,2
3/9/2023,10,4000,267,1
3/10/2023,10,9800,270,1
3/10/2023,10,40200,149,2
3/10/2023,10,73024,270,2
3/10/2023,10,9041,39,2
3/10/2023,10,30753,160,2
3/10/2023,10,900,39,1
3/10/2023,10,18720,267,2
3/10/2023,10,1600,69,1
3/11/2023,10,90121,270,2
3/11/2023,10,10641,39,2
3/11/2023,10,1500,70,1
3/11/2023,10,31220,267,2
3/11/2023,10,4000,267,1
3/11/2023,10,2500,103,1
3/11/2023,10,2000,69,1
3/11/2023,10,1540,39,1
3/11/2023,10,2500,99,1
3/11/2023,10,2000,193,2
3/11/2023,10,50247,270,1
3/12/2023,10,105624,270,2
3/12/2023,10,26316,160,2
3/12/2023,10,14361,39,2
3/12/2023,10,1800,69,1
3/12/2023,10,27067,270,1
3/12/2023,10,4860,267,2
3/12/2023,10,600,39,1
3/12/2023,10,4000,267,1
3/13/2023,11,5265,267,2
3/13/2023,11,15000,149,2
3/13/2023,11,5320,39,2
3/13/2023,11,15650,270,1
3/13/2023,11,4000,267,1
3/13/2023,11,14500,104,1
3/13/2023,11,25358,270,2
3/13/2023,11,10200,224,1
3/13/2023,11,80964,160,2
3/13/2023,11,2800,39,1
3/13/2023,11,2400,69,1
3/14/2023,11,55755,267,2
3/14/2023,11,8971,39,2
3/14/2023,11,2250,220,2
3/14/2023,11,79000,160,2
3/14/2023,11,45486,270,2
3/14/2023,11,42540,270,1
3/14/2023,11,600,69,1
3/14/2023,11,1000,103,1
3/14/2023,11,640,39,1
3/15/2023,11,1900,69,1
3/15/2023,11,49000,224,1
3/15/2023,11,1000,99,1
3/15/2023,11,2000,267,1
3/15/2023,11,22940,270,1
3/15/2023,11,2960,39,1
3/15/2023,11,12690,39,2
3/15/2023,11,80965,160,2
3/15/2023,11,63765,267,2
3/15/2023,11,36606,267,2
3/16/2023,11,5804,270,1
3/16/2023,11,95000,270,2
3/16/2023,11,26106,270,2
3/16/2023,11,400,296,1
3/16/2023,11,2916,39,1
3/16/2023,11,4000,267,1
3/16/2023,11,8768,39,2
3/16/2023,11,6075,267,2
3/17/2023,11,4536,39,2
3/17/2023,11,40325,267,2
3/17/2023,11,63365,160,2
3/17/2023,11,900,39,1
3/17/2023,11,47154,270,2
3/17/2023,11,1300,69,1
3/17/2023,11,210,75,1
3/17/2023,11,900,220,2
3/17/2023,11,15540,270,1
3/18/2023,11,10200,149,2
3/18/2023,11,4000,267,1
3/18/2023,11,30815,267,2
3/18/2023,11,3500,99,1
3/18/2023,11,29400,270,1
3/18/2023,11,9599,39,2
3/18/2023,11,3000,70,1
3/18/2023,11,900,39,1
3/18/2023,11,1200,69,1
3/18/2023,11,18750,270,2
3/19/2023,11,2500,270,1
3/19/2023,11,7650,267,2
3/19/2023,11,600,39,1
3/19/2023,11,1000,69,1
3/19/2023,11,6000,267,1
3/19/2023,11,6536,39,2
3/19/2023,11,2000,103,1
3/19/2023,11,12720,270,2
3/20/2023,12,6000,267,1
3/20/2023,12,79820,160,2
3/20/2023,12,940,39,1
3/20/2023,12,70355,267,2
3/20/2023,12,31750,270,2
3/20/2023,12,1600,39,2
3/20/2023,12,18200,270,1
3/20/2023,12,20000,224,1
3/20/2023,12,1300,69,1
3/21/2023,12,8971,39,2
3/21/2023,12,640,39,1
3/21/2023,12,1500,69,1
3/21/2023,12,42660,270,1
3/21/2023,12,27438,270,2
3/22/2023,12,300,39,1
3/22/2023,12,4200,39,2
3/22/2023,12,1000,99,1
3/22/2023,12,157170,160,2
3/22/2023,12,49000,224,1
3/22/2023,12,28660,270,1
3/22/2023,12,2200,69,1
3/22/2023,12,37438,270,2
3/22/2023,12,56950,267,2
3/22/2023,12,6000,267,1
3/23/2023,12,10000,270,1
3/23/2023,12,47648,270,2
3/23/2023,12,2800,39,2
3/23/2023,12,6000,267,1
3/23/2023,12,2260,39,1
3/24/2023,12,2020,39,1
3/24/2023,12,9604,39,2
3/24/2023,12,39282,270,2
3/24/2023,12,18292,270,1
3/24/2023,12,3000,267,2
3/24/2023,12,1400,69,1
3/25/2023,12,12160,270,1
3/25/2023,12,2200,69,1
3/25/2023,12,40708,270,2
3/25/2023,12,37525,267,2
3/25/2023,12,3000,103,1
3/25/2023,12,2000,99,1
3/25/2023,12,900,39,1
3/25/2023,12,15751,39,2
3/25/2023,12,4000,70,1
3/26/2023,12,23658,270,2
3/26/2023,12,6000,267,1
3/26/2023,12,2000,39,2
3/26/2023,12,1000,69,1
3/26/2023,12,1100,39,1
3/26/2023,12,8265,267,2
3/27/2023,13,10200,224,1
3/27/2023,13,500,69,1
3/27/2023,13,37989,160,2
3/27/2023,13,23896,270,2
3/27/2023,13,6000,267,1
3/27/2023,13,67780,267,2
3/27/2023,13,300,39,1
3/27/2023,13,11100,270,1
3/28/2023,13,1100,69,1
3/28/2023,13,27600,270,1
3/28/2023,13,24156,270,2
3/28/2023,13,2000,103,1
3/28/2023,13,640,39,1
3/28/2023,13,8971,39,2
3/28/2023,13,15530,267,2
3/28/2023,13,78000,160,2
3/28/2023,13,8000,220,2
3/29/2023,13,8000,220,2
3/29/2023,13,37989,160,2
3/29/2023,13,1000,99,1
3/29/2023,13,39600,224,1
3/29/2023,13,35136,270,2
3/29/2023,13,21760,270,1
3/29/2023,13,6000,267,1
3/29/2023,13,25245,267,2
3/29/2023,13,3500,69,1
3/29/2023,13,7938,39,2
3/30/2023,13,2800,39,2
3/30/2023,13,30000,149,2
3/30/2023,13,40446,270,2
3/30/2023,13,63745,267,2
3/30/2023,13,2840,39,1
3/30/2023,13,6000,267,1
3/30/2023,13,2560,270,1
3/31/2023,13,56620,270,2
3/31/2023,13,10790,267,2
3/31/2023,13,9604,39,2
3/31/2023,13,29577,160,2
3/31/2023,13,1300,69,1
3/31/2023,13,2840,39,1
3/31/2023,13,9460,270,1
4/1/2023,13,18310,270,1
4/1/2023,13,900,39,1
4/1/2023,13,6000,267,1
4/1/2023,13,32740,270,2
4/1/2023,13,2200,69,1
4/1/2023,13,14315,267,2
4/1/2023,13,16318,39,2
4/1/2023,13,2500,70,1
4/2/2023,13,29916,270,2
4/2/2023,13,26520,267,2
4/2/2023,13,3200,39,2
4/2/2023,13,1280,39,1
4/2/2023,13,200,104,1
4/2/2023,13,1000,69,1
4/2/2023,13,60,75,1
4/2/2023,13,6000,267,1
4/3/2023,14,10200,224,1
4/3/2023,14,3600,270,1
4/3/2023,14,19308,270,2
4/3/2023,14,1600,69,1
4/3/2023,14,500,99,1
4/3/2023,14,1000,103,1
4/3/2023,14,1800,220,2
4/3/2023,14,12195,267,2
4/3/2023,14,83183,160,2
4/4/2023,14,13200,104,1
4/4/2023,14,600,69,1
4/4/2023,14,66302,267,2
4/4/2023,14,3600,270,1
4/4/2023,14,24588,270,2
4/5/2023,14,1200,39,1
4/5/2023,14,36783,160,2
4/5/2023,14,40000,224,1
4/5/2023,14,7938,39,2
4/5/2023,14,38238,270,2
4/5/2023,14,20,75,1
4/5/2023,14,23245,267,2
4/5/2023,14,3600,270,1
4/5/2023,14,2100,69,1
4/6/2023,14,2400,39,2
4/6/2023,14,25218,270,2
4/6/2023,14,1560,39,1
4/6/2023,14,65060,267,2
4/7/2023,14,6300,267,2
4/7/2023,14,36784,160,2
4/7/2023,14,3600,270,1
4/7/2023,14,1400,69,1
4/7/2023,14,300,39,1
4/7/2023,14,35322,270,2
4/7/2023,14,2700,39,2
4/8/2023,14,3000,99,1
4/8/2023,14,2500,70,1
4/8/2023,14,17720,267,2
4/8/2023,14,300,39,1
4/8/2023,14,8380,39,2
4/8/2023,14,16960,160,2
4/8/2023,14,4000,69,1
4/8/2023,14,15792,270,2
4/8/2023,14,3600,270,1
4/9/2023,14,47358,270,2
4/9/2023,14,800,39,1
4/9/2023,14,25020,267,2
4/9/2023,14,2000,39,2
4/9/2023,14,1400,69,1
4/10/2023,15,940,39,1
4/10/2023,15,14808,270,2
4/10/2023,15,7270,39,2
4/10/2023,15,35577,160,2
4/10/2023,15,3645,267,2
4/10/2023,15,10200,224,1
4/11/2023,15,1800,270,1
4/11/2023,15,30998,270,2
4/11/2023,15,60455,267,2
4/11/2023,15,2000,39,2
4/11/2023,15,800,39,1
4/11/2023,15,48000,160,2
4/12/2023,15,12300,69,1
4/12/2023,15,7938,39,2
4/12/2023,15,57695,267,2
4/12/2023,15,28173,270,2
4/12/2023,15,35577,160,2
4/12/2023,15,8400,270,1
4/12/2023,15,500,99,1
4/12/2023,15,49000,224,1
4/13/2023,15,15750,270,1
4/13/2023,15,30000,149,2
4/13/2023,15,5000,267,1
4/13/2023,15,4400,69,1
4/13/2023,15,7270,39,2
4/13/2023,15,25758,270,2
4/13/2023,15,50000,160,2
4/13/2023,15,2340,39,1
4/13/2023,15,8100,267,2
4/14/2023,15,2800,39,2
4/14/2023,15,7300,69,1
4/14/2023,15,35577,160,2
4/14/2023,15,31922,270,2
4/14/2023,15,2300,270,1
4/14/2023,15,210,75,1
4/14/2023,15,2120,39,1
4/14/2023,15,80,104,1
4/15/2023,15,21150,270,1
4/15/2023,15,8380,39,2
4/15/2023,15,600,39,1
4/15/2023,15,3000,70,1
4/15/2023,15,29375,267,2
4/15/2023,15,1500,103,1
4/15/2023,15,2000,99,1
4/15/2023,15,5000,267,1
4/15/2023,15,6400,69,1
4/15/2023,15,18222,270,2
4/15/2023,15,50000,160,2
4/16/2023,15,1100,39,1
4/16/2023,15,2000,39,2
4/16/2023,15,3150,220,2
4/16/2023,15,7459,160,2
4/16/2023,15,38635,270,2
4/16/2023,15,4830,270,1
4/17/2023,16,35577,160,2
4/17/2023,16,4000,267,1
4/17/2023,16,20000,224,1
4/17/2023,16,9850,270,1
4/17/2023,16,9540,39,2
4/17/2023,16,3800,69,1
4/17/2023,16,1240,39,1
4/17/2023,16,62075,267,2
4/18/2023,16,140,104,1
4/18/2023,16,2700,69,1
4/18/2023,16,2050,39,2
4/18/2023,16,800,39,1
4/18/2023,16,5265,267,2
4/18/2023,16,18215,160,2
4/18/2023,16,39000,270,1
4/18/2023,16,13080,270,2
4/19/2023,16,8505,39,2
4/19/2023,16,48740,267,2
4/19/2023,16,13080,270,2
4/19/2023,16,500,99,1
4/19/2023,16,19750,270,1
4/19/2023,16,4870,75,1
4/19/2023,16,35577,160,2
4/19/2023,16,58800,224,1
4/19/2023,16,4000,267,1
4/19/2023,16,2600,69,1
4/20/2023,16,25950,270,2
4/20/2023,16,4870,75,1
4/20/2023,16,4000,267,1
4/20/2023,16,2600,69,1
4/20/2023,16,7280,39,2
4/20/2023,16,2635,270,1
4/20/2023,16,2180,39,1
4/20/2023,16,9480,267,2
4/21/2023,16,40183,270,2
4/21/2023,16,9000,270,1
4/21/2023,16,2000,267,2
4/21/2023,16,35577,270,2
4/21/2023,16,220,75,1
4/21/2023,16,2400,69,1
4/21/2023,16,1100,39,1
4/22/2023,16,8380,39,2
4/22/2023,16,7600,270,2
4/22/2023,16,25580,267,2
4/23/2023,16,14000,270,2
4/23/2023,16,5000,70,1
4/23/2023,16,500,99,1
4/23/2023,16,900,69,1
4/23/2023,16,1000,69,1
4/23/2023,16,4870,75,1
4/23/2023,16,2000,39,2
4/23/2023,16,36900,270,1
4/23/2023,16,900,39,1
4/23/2023,16,1100,39,1
4/23/2023,16,4000,267,1
4/24/2023,17,27763,160,2
4/24/2023,17,10505,39,2
4/24/2023,17,11960,270,2
4/24/2023,17,800,39,1
4/24/2023,17,28950,270,1
4/24/2023,17,20000,224,1
4/24/2023,17,4000,267,1
4/24/2023,17,61775,267,2
4/25/2023,17,50,104,1
4/25/2023,17,38000,149,2
4/25/2023,17,15100,160,2
4/25/2023,17,1000,69,1
4/25/2023,17,800,39,1
4/25/2023,17,1215,267,2
4/25/2023,17,20016,270,2
4/25/2023,17,24000,270,1
4/25/2023,17,2000,39,2
4/26/2023,17,15200,270,1
4/26/2023,17,27763,160,2
4/26/2023,17,75400,224,1
4/26/2023,17,800,39,1
4/26/2023,17,39263,39,2
4/26/2023,17,800,69,1
4/26/2023,17,4000,267,1
4/26/2023,17,39348,270,2
4/26/2023,17,4870,75,1
4/26/2023,17,1215,267,2
4/27/2023,17,39398,270,2
4/27/2023,17,7371,39,2
4/27/2023,17,8250,75,2
4/27/2023,17,4000,267,1
4/27/2023,17,4040,75,1
4/27/2023,17,15100,160,2
4/27/2023,17,54125,267,2
4/27/2023,17,30200,224,1
4/27/2023,17,1850,69,1
4/28/2023,17,40580,267,2
4/28/2023,17,12663,160,2
4/28/2023,17,1740,39,1
4/28/2023,17,900,69,1
4/28/2023,17,17918,39,2
4/28/2023,17,3150,220,2
4/28/2023,17,53950,149,2
4/28/2023,17,13920,270,2
4/28/2023,17,3820,75,1
4/29/2023,17,2300,69,1
4/29/2023,17,1440,39,1
4/29/2023,17,2107,220,2
4/29/2023,17,19360,267,2
4/29/2023,17,52830,270,2
4/29/2023,17,4000,267,1
4/29/2023,17,47050,270,1
4/29/2023,17,1600,39,2
4/29/2023,17,9900,104,1
4/29/2023,17,7000,70,1
4/30/2023,17,6020,220,2
4/30/2023,17,26295,267,2
4/30/2023,17,2000,39,2
4/30/2023,17,4000,267,1
4/30/2023,17,2010,160,2
4/30/2023,17,2200,69,1
4/30/2023,17,14400,270,2
4/30/2023,17,1000,39,1
5/1/2023,18,15000,224,1
5/1/2023,18,16450,75,2
5/1/2023,18,2430,267,2
5/1/2023,18,19518,39,2
5/1/2023,18,17760,270,2
5/1/2023,18,1880,39,1
5/1/2023,18,4000,267,1
5/1/2023,18,10880,104,1
5/1/2023,18,24550,270,1
5/1/2023,18,10234,220,2
5/1/2023,18,1820,69,1
5/1/2023,18,16663,160,2
5/2/2023,18,1280,39,1
5/2/2023,18,2850,75,1
5/2/2023,18,5500,160,2
5/2/2023,18,66200,149,2
5/2/2023,18,22366,39,2
5/2/2023,18,20442,270,1
5/2/2023,18,6020,220,2
5/2/2023,18,5950,69,1
5/2/2023,18,11940,270,2
5/2/2023,18,65860,267,2
5/3/2023,18,14720,104,1
5/3/2023,18,28722,39,2
5/3/2023,18,4000,267,1
5/3/2023,18,2240,39,1
5/3/2023,18,5550,267,2
5/3/2023,18,18378,270,2
5/3/2023,18,38200,224,1
5/3/2023,18,4050,69,1
5/3/2023,18,4188,160,2
5/4/2023,18,9966,270,2
5/4/2023,18,4515,220,2
5/4/2023,18,2800,69,1
5/4/2023,18,2850,75,1
5/4/2023,18,5010,39,1
5/4/2023,18,28320,267,2
5/4/2023,18,27021,39,2
5/5/2023,18,5090,39,1
5/5/2023,18,12663,160,2
5/5/2023,18,1505,220,2
5/5/2023,18,4000,267,1
5/5/2023,18,1000,69,1
5/5/2023,18,26715,267,2
5/5/2023,18,27588,39,2
5/5/2023,18,11151,270,2
5/6/2023,18,1000,99,1
5/6/2023,18,3645,267,2
5/6/2023,18,5700,75,1
5/6/2023,18,4280,39,1
5/6/2023,18,25988,39,2
5/6/2023,18,1000,69,1
5/6/2023,18,18570,270,2
5/6/2023,18,10260,75,2
5/6/2023,18,9800,104,1
5/6/2023,18,27900,149,2
5/7/2023,18,14872,270,2
5/7/2023,18,10800,75,2
5/7/2023,18,2800,39,1
5/7/2023,18,1000,69,1
5/7/2023,18,14773,39,2
5/7/2023,18,3820,75,1
5/8/2023,19,60645,267,2
5/8/2023,19,2200,39,1
5/8/2023,19,36792,75,2
5/8/2023,19,22586,39,2
5/8/2023,19,9800,104,1
5/8/2023,19,2000,70,1
5/8/2023,19,12663,160,2
5/8/2023,19,8820,270,2
5/8/2023,19,2700,220,2
5/8/2023,19,800,69,1
5/9/2023,19,2800,69,1
5/9/2023,19,1000,92,1
5/9/2023,19,20400,270,1
5/9/2023,19,24311,39,2
5/9/2023,19,7816,270,2
5/10/2023,19,56135,267,2
5/10/2023,19,3000,75,1
5/10/2023,19,37800,224,1
5/10/2023,19,13410,160,2
5/10/2023,19,300,270,1
5/10/2023,19,4700,69,1
5/10/2023,19,2240,39,2
5/10/2023,19,18189,270,2
5/10/2023,19,56500,149,2
5/10/2023,19,10400,104,1
5/11/2023,19,20,81,1
5/11/2023,19,30000,160,2
5/11/2023,19,16250,161,2
5/11/2023,19,2000,70,1
5/11/2023,19,2800,39,2
5/11/2023,19,4000,267,2
5/11/2023,19,2500,104,1
5/11/2023,19,2700,75,1
5/11/2023,19,7050,270,2
5/11/2023,19,2240,39,1
5/11/2023,19,1500,92,1
5/11/2023,19,5300,69,1
5/12/2023,19,2900,75,1
5/12/2023,19,840,69,1
5/12/2023,19,23309,270,2
5/12/2023,19,2500,70,1
5/12/2023,19,26080,267,2
5/12/2023,19,16250,161,2
5/12/2023,19,6237,39,2
5/12/2023,19,14256,160,2
5/12/2023,19,4000,104,1
5/12/2023,19,2000,39,1
5/13/2023,19,14058,160,2
5/13/2023,19,4780,39,2
5/13/2023,19,20320,270,2
5/13/2023,19,7575,267,2
5/13/2023,19,2800,39,1
5/13/2023,19,1000,69,1
5/13/2023,19,2000,75,1
5/14/2023,19,1000,69,1
5/14/2023,19,2000,39,1
5/14/2023,19,6740,270,2
5/14/2023,19,11390,267,2
5/14/2023,19,1500,99,1
5/15/2023,20,43286,160,2
5/15/2023,20,4100,69,1
5/15/2023,20,6500,104,1
5/15/2023,20,1440,270,2
5/15/2023,20,20000,224,1
5/15/2023,20,800,270,1
5/15/2023,20,12030,267,2
5/15/2023,20,5670,39,2
5/15/2023,20,20400,149,2
5/15/2023,20,300,39,1
5/16/2023,20,16800,149,2
5/16/2023,20,1440,39,1
5/16/2023,20,600,69,1
5/16/2023,20,20400,270,1
5/16/2023,20,16860,270,2
5/16/2023,20,50000,160,2
5/16/2023,20,61595,267,2
5/16/2023,20,3600,39,2
5/17/2023,20,16200,270,1
5/17/2023,20,1400,69,1
5/17/2023,20,2750,75,1
5/17/2023,20,40320,149,2
5/17/2023,20,16315,267,2
5/17/2023,20,44100,224,1
5/17/2023,20,17486,270,2
5/17/2023,20,7000,104,1
5/17/2023,20,25326,160,2
5/17/2023,20,7938,39,2
5/18/2023,20,23550,224,1
5/18/2023,20,2200,39,1
5/18/2023,20,3750,75,1
5/18/2023,20,8237,39,2
5/18/2023,20,16315,267,2
5/18/2023,20,10000,220,2
5/18/2023,20,9842,270,2
5/18/2023,20,1700,104,1
5/19/2023,20,22680,39,2
5/19/2023,20,600,69,1
5/19/2023,20,23952,149,2
5/19/2023,20,27550,267,2
5/19/2023,20,10000,220,2
5/19/2023,20,19886,270,2
5/19/2023,20,20326,160,2
5/19/2023,20,11575,270,1
5/20/2023,20,42840,149,2
5/20/2023,20,10000,220,2
5/20/2023,20,31547,270,2
5/20/2023,20,800,39,1
5/20/2023,20,6300,270,1
5/20/2023,20,2000,39,2
5/20/2023,20,24035,267,2
5/20/2023,20,1850,75,1
5/20/2023,20,1000,69,1
5/21/2023,20,800,270,1
5/21/2023,20,19746,270,2
5/21/2023,20,10000,220,2
5/21/2023,20,35280,149,2
5/21/2023,20,1000,69,1
5/21/2023,20,1701,39,2
5/21/2023,20,27650,267,2
5/22/2023,21,6200,270,1
5/22/2023,21,18951,39,2
5/22/2023,21,800,69,1
5/22/2023,21,44660,267,2
5/22/2023,21,3500,187,2
5/22/2023,21,35177,160,2
5/22/2023,21,2800,270,2
5/22/2023,21,1880,39,1
5/23/2023,21,14571,39,2
5/23/2023,21,3000,220,2
5/23/2023,21,24451,270,2
5/23/2023,21,1280,39,1
5/23/2023,21,2500,270,1
5/23/2023,21,22992,160,2
5/23/2023,21,10645,267,2
5/24/2023,21,31141,270,2
5/24/2023,21,6200,270,1
5/24/2023,21,25208,149,2
5/24/2023,21,77380,267,2
5/24/2023,21,27738,160,2
5/24/2023,21,80,69,1
5/24/2023,21,1500,75,1
5/24/2023,21,13041,39,2
5/25/2023,21,10571,39,2
5/25/2023,21,6870,270,2
5/25/2023,21,18080,267,2
5/25/2023,21,1780,39,1
5/26/2023,21,1200,39,1
5/26/2023,21,30241,270,2
5/26/2023,21,3750,75,1
5/26/2023,21,24310,267,2
5/26/2023,21,4550,161,2
5/26/2023,21,2415,270,1
5/26/2023,21,5046,160,2
5/27/2023,21,12752,270,2
5/27/2023,21,11580,39,2
5/27/2023,21,3410,75,1
5/27/2023,21,13245,267,2
5/27/2023,21,4000,70,1
5/27/2023,21,6000,270,1
5/27/2023,21,20392,149,2
5/27/2023,21,2380,39,1
5/28/2023,21,100,81,1
5/28/2023,21,33647,270,2
5/28/2023,21,8500,270,1
5/28/2023,21,1880,39,1
5/28/2023,21,2300,75,1
5/29/2023,22,4400,104,1
5/29/2023,22,3180,39,1
5/29/2023,22,9200,270,1
5/29/2023,22,5360,270,2
5/29/2023,22,26411,39,2
5/29/2023,22,37488,160,2
5/29/2023,22,2430,267,2
5/30/2023,22,16540,39,2
5/30/2023,22,800,81,1
5/30/2023,22,60515,267,2
5/30/2023,22,2700,75,1
5/30/2023,22,1000,69,1
5/30/2023,22,24600,270,1
5/30/2023,22,2080,39,1
5/30/2023,22,3300,270,2
5/30/2023,22,2000,104,1
5/30/2023,22,9750,160,2
5/31/2023,22,13639,39,2
5/31/2023,22,19000,270,1
5/31/2023,22,28730,267,2
5/31/2023,22,1600,39,1
5/31/2023,22,27705,270,2
5/31/2023,22,2200,69,1
5/31/2023,22,3300,75,1
5/31/2023,22,37488,160,2
5/31/2023,22,40000,224,1
6/1/2023,22,4835,267,2
6/1/2023,22,2400,39,1
6/1/2023,22,9750,160,2
6/1/2023,22,11371,39,2
6/1/2023,22,9000,270,1
6/1/2023,22,28224,149,2
6/1/2023,22,13805,270,2
6/2/2023,22,24310,267,2
6/2/2023,22,2000,92,1
6/2/2023,22,2000,104,1
6/2/2023,22,600,69,1
6/2/2023,22,29685,270,2
6/2/2023,22,2200,39,1
6/2/2023,22,7800,270,1
6/2/2023,22,13639,39,2
6/2/2023,22,3000,75,1
6/3/2023,22,23839,39,2
6/3/2023,22,2000,70,1
6/3/2023,22,11440,270,2
6/3/2023,22,12800,270,1
6/3/2023,22,1900,39,1
6/3/2023,22,1000,69,1
6/3/2023,22,2330,267,2
6/4/2023,22,3000,104,1
6/4/2023,22,8600,270,1
6/4/2023,22,1600,39,1
6/4/2023,22,32795,267,2
6/4/2023,22,8100,160,2
6/4/2023,22,1000,69,1
6/4/2023,22,1950,75,1
6/4/2023,22,32653,270,2
6/4/2023,22,720,81,1
6/4/2023,22,11304,39,2
6/5/2023,23,8400,270,1
6/5/2023,23,1200,69,1
6/5/2023,23,20000,224,1
6/5/2023,23,25587,160,2
6/5/2023,23,15315,267,2
6/5/2023,23,300,39,1
6/5/2023,23,5036,39,2
6/5/2023,23,3840,270,2
6/6/2023,23,3300,270,2
6/6/2023,23,31752,149,2
6/6/2023,23,1900,69,1
6/6/2023,23,28800,270,1
6/6/2023,23,8100,160,2
6/6/2023,23,94950,267,2
6/7/2023,23,42395,270,2
6/7/2023,23,3750,75,1
6/7/2023,23,21200,270,1
6/7/2023,23,20000,224,1
6/7/2023,23,22745,267,2
6/7/2023,23,25587,160,2
6/7/2023,23,9639,39,2
6/7/2023,23,3000,69,1
6/8/2023,23,3000,104,1
6/8/2023,23,1720,39,1
6/8/2023,23,4890,270,2
6/8/2023,23,20000,149,2
6/8/2023,23,24555,267,2
6/8/2023,23,11639,39,2
6/8/2023,23,500,270,1
6/8/2023,23,3750,75,1
6/8/2023,23,1100,69,1
6/9/2023,23,900,69,1
6/9/2023,23,20600,270,1
6/9/2023,23,25587,160,2
6/9/2023,23,3860,75,1
6/9/2023,23,900,39,1
6/9/2023,23,3500,92,1
6/9/2023,23,24310,267,2
6/9/2023,23,35775,270,2
6/9/2023,23,6727,39,2
6/10/2023,23,11000,160,2
6/10/2023,23,7170,267,2
6/10/2023,23,900,39,1
6/10/2023,23,4600,270,1
6/10/2023,23,37240,270,2
6/10/2023,23,1250,69,1
6/10/2023,23,3000,104,1
6/11/2023,23,11704,39,2
6/11/2023,23,13400,270,1
6/11/2023,23,8210,267,2
6/11/2023,23,1000,69,1
6/11/2023,23,1600,39,1
6/11/2023,23,34275,270,2
6/12/2023,24,8442,160,2
6/12/2023,24,960,270,2
6/12/2023,24,20000,224,1
6/12/2023,24,4600,270,1
6/12/2023,24,1200,69,1
6/12/2023,24,1100,39,1
6/12/2023,24,11720,267,2
6/12/2023,24,2000,70,1
6/12/2023,24,11572,39,2
6/12/2023,24,2250,220,2
6/13/2023,24,500,81,1
6/13/2023,24,68065,267,2
6/13/2023,24,10440,160,2
6/13/2023,24,19970,270,2
6/13/2023,24,25930,270,1
6/13/2023,24,3500,92,1
6/14/2023,24,9371,39,2
6/14/2023,24,800,39,1
6/14/2023,24,22680,149,2
6/14/2023,24,3200,69,1
6/14/2023,24,3500,104,1
6/14/2023,24,20000,224,1
6/14/2023,24,14500,270,1
6/14/2023,24,17315,267,2
6/14/2023,24,17250,270,2
6/14/2023,24,3200,75,1
6/14/2023,24,8442,160,2
6/15/2023,24,26925,270,2
6/15/2023,24,1700,39,1
6/15/2023,24,3200,75,1
6/15/2023,24,15410,267,2
6/15/2023,24,600,69,1
6/15/2023,24,6536,39,2
6/16/2023,24,1920,39,1
6/16/2023,24,31050,270,2
6/16/2023,24,9642,160,2
6/16/2023,24,10900,270,1
6/16/2023,24,3200,75,1
6/16/2023,24,24310,267,2
6/16/2023,24,800,69,1
6/16/2023,24,2000,104,1
6/17/2023,24,2000,39,2
6/17/2023,24,11505,267,2
6/17/2023,24,5280,270,2
6/17/2023,24,5100,270,1
6/17/2023,24,1700,39,1
6/17/2023,24,600,69,1
6/18/2023,24,51185,267,2
6/18/2023,24,5300,270,2
6/18/2023,24,4000,70,1
6/18/2023,24,12780,270,1
6/18/2023,24,7000,104,1
6/18/2023,24,1100,39,1
6/18/2023,24,11304,39,2
6/18/2023,24,1000,69,1
